name,group,corr_coeff
qPFJetPt,mean,0.9913744220387469
qPFJetPt,RMS,0.8483976408805368
qPFJetPt,Q1,0.2393643655667804
qPFJetPt,Q2,0.9969487064547898
qPFJetPt,Q3,0.996765901395458
qPFJetPt,Q4,0.9961635066574078
qPFJetPt,Q5,0.16139845919857107
qPFJetEta,mean,0.2631477059825372
qPFJetEta,RMS,0.9964961716073277
qPFJetEta,Q1,0.3287580575102215
qPFJetEta,Q2,0.9865673256894805
qPFJetEta,Q3,0.2106443853295454
qPFJetEta,Q4,0.9847096875126656
qPFJetEta,Q5,0.5091633216371584
qPFJetPhi,mean,0.16207240586843824
qPFJetPhi,RMS,0.3683728121234686
qPFJetPhi,Q1,0.4573065108542917
qPFJetPhi,Q2,0.14165795473558915
qPFJetPhi,Q3,0.29972755036463283
qPFJetPhi,Q4,0.3485873596559517
qPFJetPhi,Q5,0.455173513542731
qPFJet0Pt,mean,0.781791454700625
qPFJet0Pt,RMS,0.08054172640068563
qPFJet0Pt,Q1,0.3855015970725684
qPFJet0Pt,Q2,0.9316592937649686
qPFJet0Pt,Q3,0.8880131246796624
qPFJet0Pt,Q4,0.5744781121365187
qPFJet0Pt,Q5,0.16140567960140167
qPFJet1Pt,mean,0.987748631356582
qPFJet1Pt,RMS,0.8241729364196317
qPFJet1Pt,Q1,0.23251498898774745
qPFJet1Pt,Q2,0.9962351864292158
qPFJet1Pt,Q3,0.9957097879989223
qPFJet1Pt,Q4,0.993072193728323
qPFJet1Pt,Q5,0.7203517517270148
qPFJet2Pt,mean,0.9964133025428997
qPFJet2Pt,RMS,0.7787746302253116
qPFJet2Pt,Q1,0.22508132199275613
qPFJet2Pt,Q2,0.9970453054077935
qPFJet2Pt,Q3,0.9968634313688386
qPFJet2Pt,Q4,0.9959411659473131
qPFJet2Pt,Q5,0.51061090809691
qPFJet3Pt,mean,0.9973462050115158
qPFJet3Pt,RMS,0.9411362531012897
qPFJet3Pt,Q1,0.26867748920712253
qPFJet3Pt,Q2,0.9971790237507435
qPFJet3Pt,Q3,0.9970434214994732
qPFJet3Pt,Q4,0.9963941694631376
qPFJet3Pt,Q5,0.583956052041983
qPFJet4Pt,mean,0.9975670500802294
qPFJet4Pt,RMS,0.8888057345466652
qPFJet4Pt,Q1,0.3479339372905678
qPFJet4Pt,Q2,0.997000570689345
qPFJet4Pt,Q3,0.9969715204597777
qPFJet4Pt,Q4,0.9962608150443757
qPFJet4Pt,Q5,0.6110006102362896
qPFJet5Pt,mean,0.42290658225084304
qPFJet5Pt,RMS,0.684972675507801
qPFJet5Pt,Q1,0.44784965259768
qPFJet5Pt,Q2,0.6039773704975625
qPFJet5Pt,Q3,0.738474141555206
qPFJet5Pt,Q4,0.8034836879879584
qPFJet5Pt,Q5,0.5437967173134279
qPFJet0Eta,mean,0.024602408779523063
qPFJet0Eta,RMS,0.17556173932218574
qPFJet0Eta,Q1,0.18649853996554944
qPFJet0Eta,Q2,0.19403116840920276
qPFJet0Eta,Q3,0.013390049611717447
qPFJet0Eta,Q4,0.1801329631948618
qPFJet0Eta,Q5,0.20191411778651197
qPFJet1Eta,mean,0.06329101142139344
qPFJet1Eta,RMS,0.9245504118898772
qPFJet1Eta,Q1,0.07252716762456307
qPFJet1Eta,Q2,0.6840156752726116
qPFJet1Eta,Q3,0.044608488181024517
qPFJet1Eta,Q4,0.6435027654957685
qPFJet1Eta,Q5,0.056806304679531926
qPFJet2Eta,mean,0.019738157185981542
qPFJet2Eta,RMS,0.9125151828535771
qPFJet2Eta,Q1,0.28431252945470575
qPFJet2Eta,Q2,0.6440968699789419
qPFJet2Eta,Q3,0.024744337315323946
qPFJet2Eta,Q4,0.6579488365528973
qPFJet2Eta,Q5,0.2876548360429007
qPFJet3Eta,mean,0.03140778907912699
qPFJet3Eta,RMS,0.905188434035712
qPFJet3Eta,Q1,0.5119394380527817
qPFJet3Eta,Q2,0.4774652133734886
qPFJet3Eta,Q3,0.027870523236043145
qPFJet3Eta,Q4,0.49805177361222475
qPFJet3Eta,Q5,0.49317174903795813
qPFJet4Eta,mean,0.05250094616461414
qPFJet4Eta,RMS,0.9344713216604966
qPFJet4Eta,Q1,0.5446956437560554
qPFJet4Eta,Q2,0.40345622813426685
qPFJet4Eta,Q3,0.04507766183056188
qPFJet4Eta,Q4,0.3924614489312353
qPFJet4Eta,Q5,0.5484602850551566
qPFJet5Eta,mean,0.05072129286930291
qPFJet5Eta,RMS,0.9585799297979363
qPFJet5Eta,Q1,0.7058836883297188
qPFJet5Eta,Q2,0.43924030286542015
qPFJet5Eta,Q3,0.04197152397326957
qPFJet5Eta,Q4,0.47836748008670266
qPFJet5Eta,Q5,0.696191972118179
qPFJet0Phi,mean,0.06559387262484322
qPFJet0Phi,RMS,0.024098984959796867
qPFJet0Phi,Q1,0.22245356937342425
qPFJet0Phi,Q2,0.03489448140859689
qPFJet0Phi,Q3,0.058587729258564904
qPFJet0Phi,Q4,0.05144969337580849
qPFJet0Phi,Q5,0.23028677799832106
qPFJet1Phi,mean,0.024107033649226263
qPFJet1Phi,RMS,0.0727416802946374
qPFJet1Phi,Q1,0.28201380112629404
qPFJet1Phi,Q2,0.035438013833309384
qPFJet1Phi,Q3,0.01754427985387951
qPFJet1Phi,Q4,0.06573714188984664
qPFJet1Phi,Q5,0.2631395592885694
qPFJet2Phi,mean,0.03139070114900313
qPFJet2Phi,RMS,0.056966842445997666
qPFJet2Phi,Q1,0.2593208328651804
qPFJet2Phi,Q2,0.018101622242958915
qPFJet2Phi,Q3,0.032205925613741165
qPFJet2Phi,Q4,0.05409938496285831
qPFJet2Phi,Q5,0.27008651948218854
qPFJet3Phi,mean,0.04959405809028914
qPFJet3Phi,RMS,0.03176727118840825
qPFJet3Phi,Q1,0.24424734655485797
qPFJet3Phi,Q2,0.02777144281692407
qPFJet3Phi,Q3,0.054965837099765935
qPFJet3Phi,Q4,0.047087203207195824
qPFJet3Phi,Q5,0.23513149919552553
qPFJet4Phi,mean,0.036524777820145626
qPFJet4Phi,RMS,0.05552159053789499
qPFJet4Phi,Q1,0.22680437030382128
qPFJet4Phi,Q2,0.0451470884873218
qPFJet4Phi,Q3,0.029399941295355142
qPFJet4Phi,Q4,0.049371334149201154
qPFJet4Phi,Q5,0.20460768952510971
qPFJet5Phi,mean,0.02661628569146529
qPFJet5Phi,RMS,0.10410855382996168
qPFJet5Phi,Q1,0.1787405804338897
qPFJet5Phi,Q2,0.08537364716365878
qPFJet5Phi,Q3,0.044191174693699486
qPFJet5Phi,Q4,0.06222961306597165
qPFJet5Phi,Q5,0.17392307220402625
qPFJet4CHS0Pt,mean,0.5402070868108111
qPFJet4CHS0Pt,RMS,0.0825938474855507
qPFJet4CHS0Pt,Q1,0.366821491479991
qPFJet4CHS0Pt,Q2,0.7840570099662498
qPFJet4CHS0Pt,Q3,0.6581677234229527
qPFJet4CHS0Pt,Q4,0.3742540844034044
qPFJet4CHS0Pt,Q5,0.1559805613952195
qPFJet4CHS1Pt,mean,0.9664615853005951
qPFJet4CHS1Pt,RMS,0.8901563760709015
qPFJet4CHS1Pt,Q1,0.22811199536824797
qPFJet4CHS1Pt,Q2,0.9955904124051539
qPFJet4CHS1Pt,Q3,0.9946207632105023
qPFJet4CHS1Pt,Q4,0.9811568572874114
qPFJet4CHS1Pt,Q5,0.7312661778328274
qPFJet4CHS2Pt,mean,0.9943844507888479
qPFJet4CHS2Pt,RMS,0.6972000408017401
qPFJet4CHS2Pt,Q1,0.24922913663356336
qPFJet4CHS2Pt,Q2,0.9967476462598139
qPFJet4CHS2Pt,Q3,0.9962938897458505
qPFJet4CHS2Pt,Q4,0.9951419598862817
qPFJet4CHS2Pt,Q5,0.6446926386783658
qPFJet4CHS3Pt,mean,0.9967870613190811
qPFJet4CHS3Pt,RMS,0.7269785255407306
qPFJet4CHS3Pt,Q1,0.3536807358961418
qPFJet4CHS3Pt,Q2,0.9968739760324921
qPFJet4CHS3Pt,Q3,0.9966457598064664
qPFJet4CHS3Pt,Q4,0.9957917043834059
qPFJet4CHS3Pt,Q5,0.44729595476339545
qPFJet4CHS4Pt,mean,0.9971001933412855
qPFJet4CHS4Pt,RMS,0.6858246251043343
qPFJet4CHS4Pt,Q1,0.47325950094958863
qPFJet4CHS4Pt,Q2,0.9964553002496577
qPFJet4CHS4Pt,Q3,0.9963260340070181
qPFJet4CHS4Pt,Q4,0.9953084061817147
qPFJet4CHS4Pt,Q5,0.39922589570382194
qPFJet4CHS5Pt,mean,0.39933460050919
qPFJet4CHS5Pt,RMS,0.8209486367015345
qPFJet4CHS5Pt,Q1,0.560392717962784
qPFJet4CHS5Pt,Q2,0.7852324418799634
qPFJet4CHS5Pt,Q3,0.8890075757772801
qPFJet4CHS5Pt,Q4,0.9274279850565164
qPFJet4CHS5Pt,Q5,0.6309655923178223
qPFJet4CHS0Eta,mean,0.04685448219498266
qPFJet4CHS0Eta,RMS,0.8711235141598811
qPFJet4CHS0Eta,Q1,0.27959488274654504
qPFJet4CHS0Eta,Q2,0.24128311413421957
qPFJet4CHS0Eta,Q3,0.02337017165292847
qPFJet4CHS0Eta,Q4,0.20903056469763484
qPFJet4CHS0Eta,Q5,0.29327356950887046
qPFJet4CHS1Eta,mean,0.03840742388322904
qPFJet4CHS1Eta,RMS,0.9723340542680108
qPFJet4CHS1Eta,Q1,0.15131753190540936
qPFJet4CHS1Eta,Q2,0.9099118473933155
qPFJet4CHS1Eta,Q3,0.04099493336122234
qPFJet4CHS1Eta,Q4,0.9116688340425674
qPFJet4CHS1Eta,Q5,0.13658425315668327
qPFJet4CHS2Eta,mean,0.02798395788125717
qPFJet4CHS2Eta,RMS,0.8637232420737698
qPFJet4CHS2Eta,Q1,0.4179142622400722
qPFJet4CHS2Eta,Q2,0.6011321084871316
qPFJet4CHS2Eta,Q3,0.03105402030683478
qPFJet4CHS2Eta,Q4,0.6057765244868175
qPFJet4CHS2Eta,Q5,0.412423407358932
qPFJet4CHS3Eta,mean,0.024077422982446646
qPFJet4CHS3Eta,RMS,0.6023955458019574
qPFJet4CHS3Eta,Q1,0.5233282714688592
qPFJet4CHS3Eta,Q2,0.58551143883634
qPFJet4CHS3Eta,Q3,0.029344588010362566
qPFJet4CHS3Eta,Q4,0.5979673218273177
qPFJet4CHS3Eta,Q5,0.49336856351181757
qPFJet4CHS4Eta,mean,0.02608643134711723
qPFJet4CHS4Eta,RMS,0.3942300466314468
qPFJet4CHS4Eta,Q1,0.5284848068695934
qPFJet4CHS4Eta,Q2,0.728154135790469
qPFJet4CHS4Eta,Q3,0.0318677087503474
qPFJet4CHS4Eta,Q4,0.7170846775377195
qPFJet4CHS4Eta,Q5,0.5282244217395223
qPFJet4CHS5Eta,mean,0.03648680481469548
qPFJet4CHS5Eta,RMS,0.5476336611796563
qPFJet4CHS5Eta,Q1,0.6405451984472751
qPFJet4CHS5Eta,Q2,0.7499369091103056
qPFJet4CHS5Eta,Q3,0.020134651252962373
qPFJet4CHS5Eta,Q4,0.7198666161638242
qPFJet4CHS5Eta,Q5,0.6817655654327484
qPFJet4CHS0Phi,mean,0.03010150978330363
qPFJet4CHS0Phi,RMS,0.026092999263659766
qPFJet4CHS0Phi,Q1,0.22169899324807385
qPFJet4CHS0Phi,Q2,0.0270006515232457
qPFJet4CHS0Phi,Q3,0.03311463255708571
qPFJet4CHS0Phi,Q4,0.020794595237406913
qPFJet4CHS0Phi,Q5,0.24701910070839272
qPFJet4CHS1Phi,mean,0.061685935343656594
qPFJet4CHS1Phi,RMS,0.05153634930435768
qPFJet4CHS1Phi,Q1,0.2746681487239025
qPFJet4CHS1Phi,Q2,0.0429462957948057
qPFJet4CHS1Phi,Q3,0.05816245888034711
qPFJet4CHS1Phi,Q4,0.08393966045602762
qPFJet4CHS1Phi,Q5,0.28890374609927777
qPFJet4CHS2Phi,mean,0.03187635191123528
qPFJet4CHS2Phi,RMS,0.021902276323651132
qPFJet4CHS2Phi,Q1,0.22451003971362749
qPFJet4CHS2Phi,Q2,0.039560472302305916
qPFJet4CHS2Phi,Q3,0.039665758545627906
qPFJet4CHS2Phi,Q4,0.03594591554347351
qPFJet4CHS2Phi,Q5,0.22218002418135505
qPFJet4CHS3Phi,mean,0.01683771038031638
qPFJet4CHS3Phi,RMS,0.030185126685997026
qPFJet4CHS3Phi,Q1,0.2112187076738016
qPFJet4CHS3Phi,Q2,0.029862370265103508
qPFJet4CHS3Phi,Q3,0.01710866621592568
qPFJet4CHS3Phi,Q4,0.014546639338444295
qPFJet4CHS3Phi,Q5,0.21454344673455858
qPFJet4CHS4Phi,mean,0.019764712357306497
qPFJet4CHS4Phi,RMS,0.07587032764434853
qPFJet4CHS4Phi,Q1,0.1866026179803018
qPFJet4CHS4Phi,Q2,0.047950889971019886
qPFJet4CHS4Phi,Q3,0.019481005987834466
qPFJet4CHS4Phi,Q4,0.03910084609959098
qPFJet4CHS4Phi,Q5,0.20095362073700268
qPFJet4CHS5Phi,mean,0.026952620260509916
qPFJet4CHS5Phi,RMS,0.11432403992504327
qPFJet4CHS5Phi,Q1,0.17919344507204985
qPFJet4CHS5Phi,Q2,0.08242753230189054
qPFJet4CHS5Phi,Q3,0.03416090538789026
qPFJet4CHS5Phi,Q4,0.05316145077211383
qPFJet4CHS5Phi,Q5,0.1739264818320074
qPFJet8CHS0Pt,mean,0.9749447522755824
qPFJet8CHS0Pt,RMS,0.4764118024673711
qPFJet8CHS0Pt,Q1,0.021210630414131088
qPFJet8CHS0Pt,Q2,0.8817411729359597
qPFJet8CHS0Pt,Q3,0.981111864787101
qPFJet8CHS0Pt,Q4,0.8580453050254903
qPFJet8CHS0Pt,Q5,0.1715436261373112
qPFJet8CHS1Pt,mean,0.9834276071338051
qPFJet8CHS1Pt,RMS,0.8135334003895408
qPFJet8CHS1Pt,Q1,0.0
qPFJet8CHS1Pt,Q2,0.9584606977704634
qPFJet8CHS1Pt,Q3,0.8525776356307764
qPFJet8CHS1Pt,Q4,0.8506365825513863
qPFJet8CHS1Pt,Q5,0.14620755931769877
qPFJet8CHS2Pt,mean,0.9963196314493182
qPFJet8CHS2Pt,RMS,0.9165253114863349
qPFJet8CHS2Pt,Q1,0.0
qPFJet8CHS2Pt,Q2,0.9388044619706427
qPFJet8CHS2Pt,Q3,0.960879214259893
qPFJet8CHS2Pt,Q4,0.9499956661603146
qPFJet8CHS2Pt,Q5,0.1374687072475505
qPFJet8CHS3Pt,mean,0.996785053058295
qPFJet8CHS3Pt,RMS,0.9796106101687201
qPFJet8CHS3Pt,Q1,0.0
qPFJet8CHS3Pt,Q2,0.9089234480141377
qPFJet8CHS3Pt,Q3,0.9468915125764569
qPFJet8CHS3Pt,Q4,0.9672328724981439
qPFJet8CHS3Pt,Q5,0.14497435601424805
qPFJet8CHS4Pt,mean,0.9965591199613884
qPFJet8CHS4Pt,RMS,0.9919690646352226
qPFJet8CHS4Pt,Q1,0.0
qPFJet8CHS4Pt,Q2,0.8372084234808473
qPFJet8CHS4Pt,Q3,0.9341957888046014
qPFJet8CHS4Pt,Q4,0.951203592830757
qPFJet8CHS4Pt,Q5,0.14053101053137082
qPFJet8CHS5Pt,mean,0.996063413316906
qPFJet8CHS5Pt,RMS,0.9935413399395763
qPFJet8CHS5Pt,Q1,0.0
qPFJet8CHS5Pt,Q2,0.3702705712588732
qPFJet8CHS5Pt,Q3,0.9203511669647662
qPFJet8CHS5Pt,Q4,0.943464626175138
qPFJet8CHS5Pt,Q5,0.30691455799798634
qPFJet8CHS0Eta,mean,0.3347892619526156
qPFJet8CHS0Eta,RMS,0.9912807659449561
qPFJet8CHS0Eta,Q1,0.5162336818990836
qPFJet8CHS0Eta,Q2,0.9534191024820448
qPFJet8CHS0Eta,Q3,0.421213909044154
qPFJet8CHS0Eta,Q4,0.9438654431376305
qPFJet8CHS0Eta,Q5,0.5237695188802856
qPFJet8CHS1Eta,mean,0.37423084173068133
qPFJet8CHS1Eta,RMS,0.9945045837778782
qPFJet8CHS1Eta,Q1,0.5478005353063026
qPFJet8CHS1Eta,Q2,0.9793443033266077
qPFJet8CHS1Eta,Q3,0.2730248878115889
qPFJet8CHS1Eta,Q4,0.9753999811036467
qPFJet8CHS1Eta,Q5,0.5475753443693361
qPFJet8CHS2Eta,mean,0.38911480969693724
qPFJet8CHS2Eta,RMS,0.9961695506435647
qPFJet8CHS2Eta,Q1,0.6410176098997964
qPFJet8CHS2Eta,Q2,0.986339723892414
qPFJet8CHS2Eta,Q3,0.14117511808452674
qPFJet8CHS2Eta,Q4,0.9855534677679355
qPFJet8CHS2Eta,Q5,0.6199728379025204
qPFJet8CHS3Eta,mean,0.2891033106949254
qPFJet8CHS3Eta,RMS,0.996317553331347
qPFJet8CHS3Eta,Q1,0.7570156350815113
qPFJet8CHS3Eta,Q2,0.9746216946975916
qPFJet8CHS3Eta,Q3,0.0
qPFJet8CHS3Eta,Q4,0.9760981646829958
qPFJet8CHS3Eta,Q5,0.7629321865394809
qPFJet8CHS4Eta,mean,0.10164690066938327
qPFJet8CHS4Eta,RMS,0.9959905262117481
qPFJet8CHS4Eta,Q1,0.7856838127184114
qPFJet8CHS4Eta,Q2,0.9663041648898533
qPFJet8CHS4Eta,Q3,0.0
qPFJet8CHS4Eta,Q4,0.9672184748302007
qPFJet8CHS4Eta,Q5,0.7876101591269976
qPFJet8CHS5Eta,mean,0.20209600661695554
qPFJet8CHS5Eta,RMS,0.9953229375507116
qPFJet8CHS5Eta,Q1,0.7768409039582201
qPFJet8CHS5Eta,Q2,0.9443086174810547
qPFJet8CHS5Eta,Q3,0.0
qPFJet8CHS5Eta,Q4,0.9520396455640463
qPFJet8CHS5Eta,Q5,0.7736786843457087
qPFJet8CHS0Phi,mean,0.0937429385192292
qPFJet8CHS0Phi,RMS,0.945650965177181
qPFJet8CHS0Phi,Q1,0.2552696295874692
qPFJet8CHS0Phi,Q2,0.8662348733926327
qPFJet8CHS0Phi,Q3,0.19026212461910613
qPFJet8CHS0Phi,Q4,0.8790572005266161
qPFJet8CHS0Phi,Q5,0.2605249742136382
qPFJet8CHS1Phi,mean,0.020813343878007998
qPFJet8CHS1Phi,RMS,0.977718184787059
qPFJet8CHS1Phi,Q1,0.30627331994884044
qPFJet8CHS1Phi,Q2,0.9594611416951638
qPFJet8CHS1Phi,Q3,0.05060776442599412
qPFJet8CHS1Phi,Q4,0.9572795493548467
qPFJet8CHS1Phi,Q5,0.3156593501730757
qPFJet8CHS2Phi,mean,0.08425270998814006
qPFJet8CHS2Phi,RMS,0.9928194336872679
qPFJet8CHS2Phi,Q1,0.49419604754684887
qPFJet8CHS2Phi,Q2,0.9836135164963028
qPFJet8CHS2Phi,Q3,0.10883757315890268
qPFJet8CHS2Phi,Q4,0.9838370426912252
qPFJet8CHS2Phi,Q5,0.4790953936466919
qPFJet8CHS3Phi,mean,0.10190020189345679
qPFJet8CHS3Phi,RMS,0.9941749261562631
qPFJet8CHS3Phi,Q1,0.5938612942245585
qPFJet8CHS3Phi,Q2,0.9811947993353488
qPFJet8CHS3Phi,Q3,0.12410906610108667
qPFJet8CHS3Phi,Q4,0.98180195948784
qPFJet8CHS3Phi,Q5,0.5974384351384531
qPFJet8CHS4Phi,mean,0.09906630684318732
qPFJet8CHS4Phi,RMS,0.994346204123242
qPFJet8CHS4Phi,Q1,0.6547785677983345
qPFJet8CHS4Phi,Q2,0.9746911899384637
qPFJet8CHS4Phi,Q3,0.0
qPFJet8CHS4Phi,Q4,0.9739388469022187
qPFJet8CHS4Phi,Q5,0.6508609490211212
qPFJet8CHS5Phi,mean,0.09840960323565806
qPFJet8CHS5Phi,RMS,0.9937481760635777
qPFJet8CHS5Phi,Q1,0.7513363767300614
qPFJet8CHS5Phi,Q2,0.9551439353808999
qPFJet8CHS5Phi,Q3,0.0
qPFJet8CHS5Phi,Q4,0.9601478168973698
qPFJet8CHS5Phi,Q5,0.7479697551391667
qPFJetEI0Pt,mean,0.5226593807926108
qPFJetEI0Pt,RMS,0.09668758269001654
qPFJetEI0Pt,Q1,0.4632932063924046
qPFJetEI0Pt,Q2,0.8783028542479979
qPFJetEI0Pt,Q3,0.4264527572014651
qPFJetEI0Pt,Q4,0.36706942245238455
qPFJetEI0Pt,Q5,0.1566121453868488
qPFJetEI1Pt,mean,0.97663349540334
qPFJetEI1Pt,RMS,0.8687676673021026
qPFJetEI1Pt,Q1,0.35699239336020183
qPFJetEI1Pt,Q2,0.9962150619898312
qPFJetEI1Pt,Q3,0.9954998978499571
qPFJetEI1Pt,Q4,0.9907761247325547
qPFJetEI1Pt,Q5,0.7259454785126187
qPFJetEI2Pt,mean,0.9955905670287182
qPFJetEI2Pt,RMS,0.67401685705238
qPFJetEI2Pt,Q1,0.4041119296898987
qPFJetEI2Pt,Q2,0.9968589712974042
qPFJetEI2Pt,Q3,0.996512071977481
qPFJetEI2Pt,Q4,0.9954607618834074
qPFJetEI2Pt,Q5,0.6204118445692227
qPFJetEI3Pt,mean,0.9971359292536693
qPFJetEI3Pt,RMS,0.7464768926290111
qPFJetEI3Pt,Q1,0.4856603904839702
qPFJetEI3Pt,Q2,0.9969463135047264
qPFJetEI3Pt,Q3,0.9967371307743369
qPFJetEI3Pt,Q4,0.9958940243182939
qPFJetEI3Pt,Q5,0.43899703995343303
qPFJetEI4Pt,mean,0.9972247494076067
qPFJetEI4Pt,RMS,0.7102708386682435
qPFJetEI4Pt,Q1,0.5580458121593777
qPFJetEI4Pt,Q2,0.9964858920674183
qPFJetEI4Pt,Q3,0.9963918808734915
qPFJetEI4Pt,Q4,0.9954003345575743
qPFJetEI4Pt,Q5,0.4180722255747627
qPFJetEI5Pt,mean,0.38930814846923184
qPFJetEI5Pt,RMS,0.8643851566485803
qPFJetEI5Pt,Q1,0.6214750488940198
qPFJetEI5Pt,Q2,0.7670758572111669
qPFJetEI5Pt,Q3,0.8834822843378423
qPFJetEI5Pt,Q4,0.9254786584774283
qPFJetEI5Pt,Q5,0.6219608136170754
qPFJetEI0Eta,mean,0.08268489956423332
qPFJetEI0Eta,RMS,0.91606116549671
qPFJetEI0Eta,Q1,0.14547631437446687
qPFJetEI0Eta,Q2,0.4791508988334288
qPFJetEI0Eta,Q3,0.0469413120973978
qPFJetEI0Eta,Q4,0.42010739938326275
qPFJetEI0Eta,Q5,0.16434407189303726
qPFJetEI1Eta,mean,0.029333192028131897
qPFJetEI1Eta,RMS,0.9694078995544128
qPFJetEI1Eta,Q1,0.14566235323345486
qPFJetEI1Eta,Q2,0.9041719988542295
qPFJetEI1Eta,Q3,0.030757222394227835
qPFJetEI1Eta,Q4,0.9027138591015011
qPFJetEI1Eta,Q5,0.12058839986129988
qPFJetEI2Eta,mean,0.024254264857260635
qPFJetEI2Eta,RMS,0.8559628350830443
qPFJetEI2Eta,Q1,0.4144247170121415
qPFJetEI2Eta,Q2,0.5763696744176061
qPFJetEI2Eta,Q3,0.028004255793386237
qPFJetEI2Eta,Q4,0.5855991993697451
qPFJetEI2Eta,Q5,0.41515686130917373
qPFJetEI3Eta,mean,0.018541625566236456
qPFJetEI3Eta,RMS,0.596357753944605
qPFJetEI3Eta,Q1,0.5225620395774498
qPFJetEI3Eta,Q2,0.5901095190784751
qPFJetEI3Eta,Q3,0.023321433577657664
qPFJetEI3Eta,Q4,0.5938608926731325
qPFJetEI3Eta,Q5,0.4951641980253481
qPFJetEI4Eta,mean,0.028522668472325513
qPFJetEI4Eta,RMS,0.4088338462508143
qPFJetEI4Eta,Q1,0.5230677758183675
qPFJetEI4Eta,Q2,0.7319530641100277
qPFJetEI4Eta,Q3,0.030568864712614535
qPFJetEI4Eta,Q4,0.7156613110915727
qPFJetEI4Eta,Q5,0.5235292134596324
qPFJetEI5Eta,mean,0.036809439329505374
qPFJetEI5Eta,RMS,0.5629785557446895
qPFJetEI5Eta,Q1,0.6405529975432047
qPFJetEI5Eta,Q2,0.7473583022436691
qPFJetEI5Eta,Q3,0.018600669928616392
qPFJetEI5Eta,Q4,0.718286169498443
qPFJetEI5Eta,Q5,0.6811191584347499
qPFJetEI0Phi,mean,0.03790351085694762
qPFJetEI0Phi,RMS,0.017573737448469073
qPFJetEI0Phi,Q1,0.23421194609227905
qPFJetEI0Phi,Q2,0.02916318668263558
qPFJetEI0Phi,Q3,0.036759676028835564
qPFJetEI0Phi,Q4,0.021572075628021024
qPFJetEI0Phi,Q5,0.2487565919981424
qPFJetEI1Phi,mean,0.06514932166059563
qPFJetEI1Phi,RMS,0.04479606226516844
qPFJetEI1Phi,Q1,0.227727508659373
qPFJetEI1Phi,Q2,0.042373678842261
qPFJetEI1Phi,Q3,0.061315703442139526
qPFJetEI1Phi,Q4,0.07543469895480968
qPFJetEI1Phi,Q5,0.29320776117896213
qPFJetEI2Phi,mean,0.020929774683546145
qPFJetEI2Phi,RMS,0.032675212030130095
qPFJetEI2Phi,Q1,0.23222923116754307
qPFJetEI2Phi,Q2,0.03518173378582287
qPFJetEI2Phi,Q3,0.029905679362674045
qPFJetEI2Phi,Q4,0.020538042121968796
qPFJetEI2Phi,Q5,0.193545963888715
qPFJetEI3Phi,mean,0.02484666903192468
qPFJetEI3Phi,RMS,0.043595604284453866
qPFJetEI3Phi,Q1,0.18928037356054175
qPFJetEI3Phi,Q2,0.038508349113630845
qPFJetEI3Phi,Q3,0.02216506407118434
qPFJetEI3Phi,Q4,0.01601648090002523
qPFJetEI3Phi,Q5,0.22375477784764994
qPFJetEI4Phi,mean,0.020297045980402356
qPFJetEI4Phi,RMS,0.09656688548678888
qPFJetEI4Phi,Q1,0.18431364641248246
qPFJetEI4Phi,Q2,0.05808006772495444
qPFJetEI4Phi,Q3,0.016763897510717492
qPFJetEI4Phi,Q4,0.04750903392296109
qPFJetEI4Phi,Q5,0.1961970816816548
qPFJetEI5Phi,mean,0.0284865425605995
qPFJetEI5Phi,RMS,0.1432142179654876
qPFJetEI5Phi,Q1,0.17784099146195118
qPFJetEI5Phi,Q2,0.10014624589298764
qPFJetEI5Phi,Q3,0.03687439766482869
qPFJetEI5Phi,Q4,0.06749175758014651
qPFJetEI5Phi,Q5,0.17021646973348706
qPFJet8CHSSD0Pt,mean,0.8785132669677027
qPFJet8CHSSD0Pt,RMS,0.3369447722191959
qPFJet8CHSSD0Pt,Q1,0.0
qPFJet8CHSSD0Pt,Q2,0.0
qPFJet8CHSSD0Pt,Q3,0.0
qPFJet8CHSSD0Pt,Q4,0.8281921652962958
qPFJet8CHSSD0Pt,Q5,0.14703152281984838
qPFJet8CHSSD1Pt,mean,0.7690590785703751
qPFJet8CHSSD1Pt,RMS,0.2501950277269487
qPFJet8CHSSD1Pt,Q1,0.0
qPFJet8CHSSD1Pt,Q2,0.0
qPFJet8CHSSD1Pt,Q3,0.0
qPFJet8CHSSD1Pt,Q4,0.8207612983585569
qPFJet8CHSSD1Pt,Q5,0.20627052889467962
qPFJet8CHSSD2Pt,mean,0.7834462546637148
qPFJet8CHSSD2Pt,RMS,0.45042739399985227
qPFJet8CHSSD2Pt,Q1,0.0
qPFJet8CHSSD2Pt,Q2,0.0
qPFJet8CHSSD2Pt,Q3,0.0
qPFJet8CHSSD2Pt,Q4,0.06285368871037315
qPFJet8CHSSD2Pt,Q5,0.1749335950408593
qPFJet8CHSSD3Pt,mean,0.7177558371927577
qPFJet8CHSSD3Pt,RMS,0.3856233807365385
qPFJet8CHSSD3Pt,Q1,0.0
qPFJet8CHSSD3Pt,Q2,0.0
qPFJet8CHSSD3Pt,Q3,0.0
qPFJet8CHSSD3Pt,Q4,0.09671687302266967
qPFJet8CHSSD3Pt,Q5,0.18672763846410223
qPFJet8CHSSD4Pt,mean,0.8306678625722832
qPFJet8CHSSD4Pt,RMS,0.7246920002695395
qPFJet8CHSSD4Pt,Q1,0.0
qPFJet8CHSSD4Pt,Q2,0.0
qPFJet8CHSSD4Pt,Q3,0.0
qPFJet8CHSSD4Pt,Q4,0.0
qPFJet8CHSSD4Pt,Q5,0.2071905832370075
qPFJet8CHSSD5Pt,mean,0.8107550434818345
qPFJet8CHSSD5Pt,RMS,0.5757602434339901
qPFJet8CHSSD5Pt,Q1,0.0
qPFJet8CHSSD5Pt,Q2,0.0
qPFJet8CHSSD5Pt,Q3,0.0
qPFJet8CHSSD5Pt,Q4,0.0
qPFJet8CHSSD5Pt,Q5,0.1990538504000169
qPFJet8CHSSD0Eta,mean,0.05936564060605177
qPFJet8CHSSD0Eta,RMS,0.9273054030182379
qPFJet8CHSSD0Eta,Q1,0.6155075453535078
qPFJet8CHSSD0Eta,Q2,0.0
qPFJet8CHSSD0Eta,Q3,0.0
qPFJet8CHSSD0Eta,Q4,0.0
qPFJet8CHSSD0Eta,Q5,0.600412114156285
qPFJet8CHSSD1Eta,mean,0.059677514713650126
qPFJet8CHSSD1Eta,RMS,0.9300095696437193
qPFJet8CHSSD1Eta,Q1,0.6181342996322842
qPFJet8CHSSD1Eta,Q2,0.0
qPFJet8CHSSD1Eta,Q3,0.0
qPFJet8CHSSD1Eta,Q4,0.0
qPFJet8CHSSD1Eta,Q5,0.6064045738531619
qPFJet8CHSSD2Eta,mean,0.04281233993698742
qPFJet8CHSSD2Eta,RMS,0.8672506495598822
qPFJet8CHSSD2Eta,Q1,0.5798950777598413
qPFJet8CHSSD2Eta,Q2,0.0
qPFJet8CHSSD2Eta,Q3,0.0
qPFJet8CHSSD2Eta,Q4,0.0
qPFJet8CHSSD2Eta,Q5,0.5766876477876901
qPFJet8CHSSD3Eta,mean,0.048123839183082634
qPFJet8CHSSD3Eta,RMS,0.8759927900738291
qPFJet8CHSSD3Eta,Q1,0.6049159906731137
qPFJet8CHSSD3Eta,Q2,0.0
qPFJet8CHSSD3Eta,Q3,0.0
qPFJet8CHSSD3Eta,Q4,0.0
qPFJet8CHSSD3Eta,Q5,0.5992716821414497
qPFJet8CHSSD4Eta,mean,0.0688942110207655
qPFJet8CHSSD4Eta,RMS,0.8761928807867653
qPFJet8CHSSD4Eta,Q1,0.6287470424043505
qPFJet8CHSSD4Eta,Q2,0.0
qPFJet8CHSSD4Eta,Q3,0.0
qPFJet8CHSSD4Eta,Q4,0.0
qPFJet8CHSSD4Eta,Q5,0.6232178659054949
qPFJet8CHSSD5Eta,mean,0.062357765764930594
qPFJet8CHSSD5Eta,RMS,0.8715534444510374
qPFJet8CHSSD5Eta,Q1,0.6296751438211693
qPFJet8CHSSD5Eta,Q2,0.0
qPFJet8CHSSD5Eta,Q3,0.0
qPFJet8CHSSD5Eta,Q4,0.0
qPFJet8CHSSD5Eta,Q5,0.6261595631697292
qPFJet8CHSSD0Phi,mean,0.03919421368887315
qPFJet8CHSSD0Phi,RMS,0.8179722875641102
qPFJet8CHSSD0Phi,Q1,0.3173740058941517
qPFJet8CHSSD0Phi,Q2,0.0
qPFJet8CHSSD0Phi,Q3,0.0
qPFJet8CHSSD0Phi,Q4,0.0
qPFJet8CHSSD0Phi,Q5,0.30006817805610714
qPFJet8CHSSD1Phi,mean,0.030773516883017427
qPFJet8CHSSD1Phi,RMS,0.8186831213501252
qPFJet8CHSSD1Phi,Q1,0.2855099006734629
qPFJet8CHSSD1Phi,Q2,0.0
qPFJet8CHSSD1Phi,Q3,0.0
qPFJet8CHSSD1Phi,Q4,0.0
qPFJet8CHSSD1Phi,Q5,0.3214760273155303
qPFJet8CHSSD2Phi,mean,0.02909615143603906
qPFJet8CHSSD2Phi,RMS,0.7371063168789515
qPFJet8CHSSD2Phi,Q1,0.29263699834655815
qPFJet8CHSSD2Phi,Q2,0.0
qPFJet8CHSSD2Phi,Q3,0.0
qPFJet8CHSSD2Phi,Q4,0.0
qPFJet8CHSSD2Phi,Q5,0.3336859767737687
qPFJet8CHSSD3Phi,mean,0.025569999739866373
qPFJet8CHSSD3Phi,RMS,0.738290915621509
qPFJet8CHSSD3Phi,Q1,0.30824865840258225
qPFJet8CHSSD3Phi,Q2,0.0
qPFJet8CHSSD3Phi,Q3,0.0
qPFJet8CHSSD3Phi,Q4,0.0
qPFJet8CHSSD3Phi,Q5,0.31394292283951086
qPFJet8CHSSD4Phi,mean,0.02727424546667585
qPFJet8CHSSD4Phi,RMS,0.7408462047902327
qPFJet8CHSSD4Phi,Q1,0.39592937173113485
qPFJet8CHSSD4Phi,Q2,0.0
qPFJet8CHSSD4Phi,Q3,0.0
qPFJet8CHSSD4Phi,Q4,0.0
qPFJet8CHSSD4Phi,Q5,0.4121897153945378
qPFJet8CHSSD5Phi,mean,0.021533326974713895
qPFJet8CHSSD5Phi,RMS,0.7409352327840577
qPFJet8CHSSD5Phi,Q1,0.3955927822586764
qPFJet8CHSSD5Phi,Q2,0.0
qPFJet8CHSSD5Phi,Q3,0.0
qPFJet8CHSSD5Phi,Q4,0.0
qPFJet8CHSSD5Phi,Q5,0.39887021205298534
qPFJetTopCHS0Pt,mean,0.6670513065051035
qPFJetTopCHS0Pt,RMS,0.16989731886823545
qPFJetTopCHS0Pt,Q1,0.0
qPFJetTopCHS0Pt,Q2,0.0
qPFJetTopCHS0Pt,Q3,0.0
qPFJetTopCHS0Pt,Q4,0.7446079768676741
qPFJetTopCHS0Pt,Q5,0.15529041583717612
qPFJetTopCHS1Pt,mean,0.28579288281741716
qPFJetTopCHS1Pt,RMS,0.3875693701583758
qPFJetTopCHS1Pt,Q1,0.0
qPFJetTopCHS1Pt,Q2,0.0
qPFJetTopCHS1Pt,Q3,0.0
qPFJetTopCHS1Pt,Q4,0.8275909152538865
qPFJetTopCHS1Pt,Q5,0.18884255010239756
qPFJetTopCHS2Pt,mean,0.36431073001653475
qPFJetTopCHS2Pt,RMS,0.14569069168557752
qPFJetTopCHS2Pt,Q1,0.0
qPFJetTopCHS2Pt,Q2,0.0
qPFJetTopCHS2Pt,Q3,0.0
qPFJetTopCHS2Pt,Q4,0.8755254716471462
qPFJetTopCHS2Pt,Q5,0.19721664931746222
qPFJetTopCHS3Pt,mean,0.879538231209073
qPFJetTopCHS3Pt,RMS,0.6381288981683345
qPFJetTopCHS3Pt,Q1,0.0
qPFJetTopCHS3Pt,Q2,0.0
qPFJetTopCHS3Pt,Q3,0.0
qPFJetTopCHS3Pt,Q4,0.0
qPFJetTopCHS3Pt,Q5,0.19907099419139554
qPFJetTopCHS4Pt,mean,0.7512725224251355
qPFJetTopCHS4Pt,RMS,0.2480337228635298
qPFJetTopCHS4Pt,Q1,0.0
qPFJetTopCHS4Pt,Q2,0.0
qPFJetTopCHS4Pt,Q3,0.0
qPFJetTopCHS4Pt,Q4,0.0
qPFJetTopCHS4Pt,Q5,0.1888180968349431
qPFJetTopCHS5Pt,mean,0.7421174532076877
qPFJetTopCHS5Pt,RMS,0.07511479397567807
qPFJetTopCHS5Pt,Q1,0.0
qPFJetTopCHS5Pt,Q2,0.0
qPFJetTopCHS5Pt,Q3,0.0
qPFJetTopCHS5Pt,Q4,0.0
qPFJetTopCHS5Pt,Q5,0.12871849595827536
qPFJetTopCHS0Eta,mean,0.025745331909983588
qPFJetTopCHS0Eta,RMS,0.4761972594590576
qPFJetTopCHS0Eta,Q1,0.16902366015521506
qPFJetTopCHS0Eta,Q2,0.0
qPFJetTopCHS0Eta,Q3,0.0
qPFJetTopCHS0Eta,Q4,0.0
qPFJetTopCHS0Eta,Q5,0.2020788366523625
qPFJetTopCHS1Eta,mean,0.03309585181322661
qPFJetTopCHS1Eta,RMS,0.6348120835485572
qPFJetTopCHS1Eta,Q1,0.40382505558921455
qPFJetTopCHS1Eta,Q2,0.0
qPFJetTopCHS1Eta,Q3,0.0
qPFJetTopCHS1Eta,Q4,0.0
qPFJetTopCHS1Eta,Q5,0.40530281297233467
qPFJetTopCHS2Eta,mean,0.04988814797132282
qPFJetTopCHS2Eta,RMS,0.7972162609557968
qPFJetTopCHS2Eta,Q1,0.3940845740884595
qPFJetTopCHS2Eta,Q2,0.0
qPFJetTopCHS2Eta,Q3,0.0
qPFJetTopCHS2Eta,Q4,0.0
qPFJetTopCHS2Eta,Q5,0.41845404350104715
qPFJetTopCHS3Eta,mean,0.038459125624327496
qPFJetTopCHS3Eta,RMS,0.8072428737319893
qPFJetTopCHS3Eta,Q1,0.35529049656805134
qPFJetTopCHS3Eta,Q2,0.0
qPFJetTopCHS3Eta,Q3,0.0
qPFJetTopCHS3Eta,Q4,0.0
qPFJetTopCHS3Eta,Q5,0.36865030136526566
qPFJetTopCHS4Eta,mean,0.03742433261085466
qPFJetTopCHS4Eta,RMS,0.8578376596521633
qPFJetTopCHS4Eta,Q1,0.4859305763000119
qPFJetTopCHS4Eta,Q2,0.0
qPFJetTopCHS4Eta,Q3,0.0
qPFJetTopCHS4Eta,Q4,0.0
qPFJetTopCHS4Eta,Q5,0.46682389506276184
qPFJetTopCHS5Eta,mean,0.04896435308513986
qPFJetTopCHS5Eta,RMS,0.8849815750816561
qPFJetTopCHS5Eta,Q1,0.524807560461799
qPFJetTopCHS5Eta,Q2,0.0
qPFJetTopCHS5Eta,Q3,0.0
qPFJetTopCHS5Eta,Q4,0.0
qPFJetTopCHS5Eta,Q5,0.5246801251376434
qPFJetTopCHS0Phi,mean,0.039914801488228645
qPFJetTopCHS0Phi,RMS,0.7255159529772378
qPFJetTopCHS0Phi,Q1,0.2919415212763728
qPFJetTopCHS0Phi,Q2,0.0
qPFJetTopCHS0Phi,Q3,0.0
qPFJetTopCHS0Phi,Q4,0.0
qPFJetTopCHS0Phi,Q5,0.28162943457290623
qPFJetTopCHS1Phi,mean,0.06544789872486906
qPFJetTopCHS1Phi,RMS,0.8137786615189713
qPFJetTopCHS1Phi,Q1,0.30539286619156797
qPFJetTopCHS1Phi,Q2,0.0
qPFJetTopCHS1Phi,Q3,0.0
qPFJetTopCHS1Phi,Q4,0.0
qPFJetTopCHS1Phi,Q5,0.3344650186429127
qPFJetTopCHS2Phi,mean,0.05089251573993273
qPFJetTopCHS2Phi,RMS,0.8939611259545205
qPFJetTopCHS2Phi,Q1,0.3567612338639755
qPFJetTopCHS2Phi,Q2,0.0
qPFJetTopCHS2Phi,Q3,0.0
qPFJetTopCHS2Phi,Q4,0.0
qPFJetTopCHS2Phi,Q5,0.3539156907861583
qPFJetTopCHS3Phi,mean,0.024889832135826316
qPFJetTopCHS3Phi,RMS,0.8673827814033893
qPFJetTopCHS3Phi,Q1,0.3865007272755074
qPFJetTopCHS3Phi,Q2,0.0
qPFJetTopCHS3Phi,Q3,0.0
qPFJetTopCHS3Phi,Q4,0.0
qPFJetTopCHS3Phi,Q5,0.3781030446356921
qPFJetTopCHS4Phi,mean,0.023298482986571407
qPFJetTopCHS4Phi,RMS,0.8974559924993902
qPFJetTopCHS4Phi,Q1,0.45577279398132275
qPFJetTopCHS4Phi,Q2,0.0
qPFJetTopCHS4Phi,Q3,0.0
qPFJetTopCHS4Phi,Q4,0.0
qPFJetTopCHS4Phi,Q5,0.4459381475294515
qPFJetTopCHS5Phi,mean,0.018740858823091122
qPFJetTopCHS5Phi,RMS,0.9168652326681652
qPFJetTopCHS5Phi,Q1,0.504468420784343
qPFJetTopCHS5Phi,Q2,0.0
qPFJetTopCHS5Phi,Q3,0.0
qPFJetTopCHS5Phi,Q4,0.0
qPFJetTopCHS5Phi,Q5,0.5120085482334452
qCalJet0Pt,mean,0.8003331197860821
qCalJet0Pt,RMS,0.11580104036403349
qCalJet0Pt,Q1,0.6961798492336286
qCalJet0Pt,Q2,0.9901857191801126
qCalJet0Pt,Q3,0.9033842804912513
qCalJet0Pt,Q4,0.4580294803526923
qCalJet0Pt,Q5,0.18663447637692365
qCalJet1Pt,mean,0.946690674243528
qCalJet1Pt,RMS,0.9186050213158068
qCalJet1Pt,Q1,0.6736206302670477
qCalJet1Pt,Q2,0.9808029677991773
qCalJet1Pt,Q3,0.9369829946123953
qCalJet1Pt,Q4,0.9616788235032263
qCalJet1Pt,Q5,0.5196410815430893
qCalJet2Pt,mean,0.9471559736937228
qCalJet2Pt,RMS,0.9551156084916129
qCalJet2Pt,Q1,0.6209609272190135
qCalJet2Pt,Q2,0.9161793027273838
qCalJet2Pt,Q3,0.984452128779985
qCalJet2Pt,Q4,0.8682743890015762
qCalJet2Pt,Q5,0.608848663970895
qCalJet3Pt,mean,0.9954322231765609
qCalJet3Pt,RMS,0.9848216519879235
qCalJet3Pt,Q1,0.46242629190307627
qCalJet3Pt,Q2,0.9533731159296681
qCalJet3Pt,Q3,0.801405611179373
qCalJet3Pt,Q4,0.9783784533535713
qCalJet3Pt,Q5,0.6279750022529763
qCalJet4Pt,mean,0.9970310890715134
qCalJet4Pt,RMS,0.993825779244462
qCalJet4Pt,Q1,0.3275813759884395
qCalJet4Pt,Q2,0.9435395918703022
qCalJet4Pt,Q3,0.8859131307322186
qCalJet4Pt,Q4,0.8428540661840417
qCalJet4Pt,Q5,0.5967888172938005
qCalJet5Pt,mean,0.9972387844723049
qCalJet5Pt,RMS,0.9949178398927438
qCalJet5Pt,Q1,0.227897523940544
qCalJet5Pt,Q2,0.9629802550997132
qCalJet5Pt,Q3,0.9167466428147546
qCalJet5Pt,Q4,0.5543967314451967
qCalJet5Pt,Q5,0.5269088515967526
qCalJet0Eta,mean,0.15653577534935884
qCalJet0Eta,RMS,0.9707198501595529
qCalJet0Eta,Q1,0.04431597898550018
qCalJet0Eta,Q2,0.9225834330677568
qCalJet0Eta,Q3,0.21815232329008852
qCalJet0Eta,Q4,0.9013319541788063
qCalJet0Eta,Q5,0.05065303362478223
qCalJet1Eta,mean,0.2173783651099711
qCalJet1Eta,RMS,0.9947754306582618
qCalJet1Eta,Q1,0.16403683940011735
qCalJet1Eta,Q2,0.9791309848462549
qCalJet1Eta,Q3,0.43740668166235064
qCalJet1Eta,Q4,0.9792384505132242
qCalJet1Eta,Q5,0.144497511207942
qCalJet2Eta,mean,0.1320156345396964
qCalJet2Eta,RMS,0.9950737330727921
qCalJet2Eta,Q1,0.2413571232544941
qCalJet2Eta,Q2,0.9634804609475108
qCalJet2Eta,Q3,0.2783303695079887
qCalJet2Eta,Q4,0.964345286427071
qCalJet2Eta,Q5,0.2295924923541733
qCalJet3Eta,mean,0.09942731724044397
qCalJet3Eta,RMS,0.9955519955916835
qCalJet3Eta,Q1,0.4383275387014663
qCalJet3Eta,Q2,0.959750218287674
qCalJet3Eta,Q3,0.17745670010021028
qCalJet3Eta,Q4,0.9636685825979618
qCalJet3Eta,Q5,0.4389440311750816
qCalJet4Eta,mean,0.06302712778623577
qCalJet4Eta,RMS,0.9956899206854823
qCalJet4Eta,Q1,0.5832980895787454
qCalJet4Eta,Q2,0.9641708041161675
qCalJet4Eta,Q3,0.11098788287631198
qCalJet4Eta,Q4,0.9676027609491108
qCalJet4Eta,Q5,0.5941506435972134
qCalJet5Eta,mean,0.06165679949913261
qCalJet5Eta,RMS,0.9959262228030126
qCalJet5Eta,Q1,0.6815474705128525
qCalJet5Eta,Q2,0.9754958947354766
qCalJet5Eta,Q3,0.03938086512207693
qCalJet5Eta,Q4,0.9767323990894189
qCalJet5Eta,Q5,0.6809247580475505
qCalJet0Phi,mean,0.04524842784517557
qCalJet0Phi,RMS,0.6175250453370209
qCalJet0Phi,Q1,0.29594037872831147
qCalJet0Phi,Q2,0.3911858491977777
qCalJet0Phi,Q3,0.021481573709529852
qCalJet0Phi,Q4,0.41130454345705864
qCalJet0Phi,Q5,0.28501572760619576
qCalJet1Phi,mean,0.0623072322066398
qCalJet1Phi,RMS,0.8960273687193303
qCalJet1Phi,Q1,0.36131075437639626
qCalJet1Phi,Q2,0.7595032754104418
qCalJet1Phi,Q3,0.03300514360066497
qCalJet1Phi,Q4,0.7689410113958229
qCalJet1Phi,Q5,0.3584326447916212
qCalJet2Phi,mean,0.042598989838394795
qCalJet2Phi,RMS,0.9636552792429327
qCalJet2Phi,Q1,0.38989102872729664
qCalJet2Phi,Q2,0.9151044269273282
qCalJet2Phi,Q3,0.021319120283488393
qCalJet2Phi,Q4,0.91476540204846
qCalJet2Phi,Q5,0.39558246302618016
qCalJet3Phi,mean,0.03079551845868729
qCalJet3Phi,RMS,0.9820291853101016
qCalJet3Phi,Q1,0.4144110065261651
qCalJet3Phi,Q2,0.9630777960312967
qCalJet3Phi,Q3,0.06358535266071741
qCalJet3Phi,Q4,0.9625279889509641
qCalJet3Phi,Q5,0.4452443213559014
qCalJet4Phi,mean,0.03777177341028093
qCalJet4Phi,RMS,0.9887556998103552
qCalJet4Phi,Q1,0.4714441105343731
qCalJet4Phi,Q2,0.9766343504785098
qCalJet4Phi,Q3,0.11047714835372319
qCalJet4Phi,Q4,0.9773301586980621
qCalJet4Phi,Q5,0.478259470575155
qCalJet5Phi,mean,0.053492578112039155
qCalJet5Phi,RMS,0.9918210321988181
qCalJet5Phi,Q1,0.4473156742726017
qCalJet5Phi,Q2,0.9835458797443648
qCalJet5Phi,Q3,0.12587396287420474
qCalJet5Phi,Q4,0.9839482426263503
qCalJet5Phi,Q5,0.491871360045223
qCalJet0En,mean,0.9791593135891449
qCalJet0En,RMS,0.6186834638273984
qCalJet0En,Q1,0.7034796245167467
qCalJet0En,Q2,0.9746734094387463
qCalJet0En,Q3,0.9845649971148006
qCalJet0En,Q4,0.9834508055459283
qCalJet0En,Q5,0.27034934906380226
qCalJet1En,mean,0.993920217208304
qCalJet1En,RMS,0.33607084753512567
qCalJet1En,Q1,0.6716451944950643
qCalJet1En,Q2,0.9928798434086586
qCalJet1En,Q3,0.9942321468810466
qCalJet1En,Q4,0.9909262095092799
qCalJet1En,Q5,0.3242680495539721
qCalJet2En,mean,0.9942626170837118
qCalJet2En,RMS,0.585106051191376
qCalJet2En,Q1,0.6196463897145148
qCalJet2En,Q2,0.9942013490769362
qCalJet2En,Q3,0.9905368050333435
qCalJet2En,Q4,0.9893770036300716
qCalJet2En,Q5,0.36893679292648035
qCalJet3En,mean,0.9950672111085888
qCalJet3En,RMS,0.8495390620476158
qCalJet3En,Q1,0.4624696923700583
qCalJet3En,Q2,0.992963850616505
qCalJet3En,Q3,0.9873401458126826
qCalJet3En,Q4,0.9904094925095143
qCalJet3En,Q5,0.1734741184923724
qCalJet4En,mean,0.9949898331857334
qCalJet4En,RMS,0.9458101402235481
qCalJet4En,Q1,0.32733420096838317
qCalJet4En,Q2,0.9868501950001988
qCalJet4En,Q3,0.988439449546193
qCalJet4En,Q4,0.989001673218348
qCalJet4En,Q5,0.283923186119554
qCalJet5En,mean,0.995159163100971
qCalJet5En,RMS,0.9717985825122342
qCalJet5En,Q1,0.22844368036601667
qCalJet5En,Q2,0.9743068044203576
qCalJet5En,Q3,0.9849702427640797
qCalJet5En,Q4,0.9882092589825081
qCalJet5En,Q5,0.44369803044154743
qPho0Pt,mean,0.3897216449239759
qPho0Pt,RMS,0.10159213318893934
qPho0Pt,Q1,0.0
qPho0Pt,Q2,0.0
qPho0Pt,Q3,0.0
qPho0Pt,Q4,0.3720863531767851
qPho0Pt,Q5,0.1751080968173834
qPho1Pt,mean,0.4510762644963425
qPho1Pt,RMS,0.10059907363336536
qPho1Pt,Q1,0.0
qPho1Pt,Q2,0.0
qPho1Pt,Q3,0.0
qPho1Pt,Q4,0.0
qPho1Pt,Q5,0.18889785251264352
qPho2Pt,mean,0.4871215329988113
qPho2Pt,RMS,0.15067745972626195
qPho2Pt,Q1,0.0
qPho2Pt,Q2,0.0
qPho2Pt,Q3,0.0
qPho2Pt,Q4,0.0
qPho2Pt,Q5,0.1616606969837503
qPho3Pt,mean,0.4247166236146297
qPho3Pt,RMS,0.2090798688814352
qPho3Pt,Q1,0.0
qPho3Pt,Q2,0.0
qPho3Pt,Q3,0.0
qPho3Pt,Q4,0.0
qPho3Pt,Q5,0.13680406976868492
qPho4Pt,mean,0.3307274323877426
qPho4Pt,RMS,0.26666220072388225
qPho4Pt,Q1,0.0
qPho4Pt,Q2,0.0
qPho4Pt,Q3,0.0
qPho4Pt,Q4,0.0
qPho4Pt,Q5,0.1991751013313599
qPho5Pt,mean,0.226016341359241
qPho5Pt,RMS,0.2678181682761345
qPho5Pt,Q1,0.0
qPho5Pt,Q2,0.0
qPho5Pt,Q3,0.0
qPho5Pt,Q4,0.0
qPho5Pt,Q5,0.31328971548646933
qPho0Eta,mean,0.1395989966835323
qPho0Eta,RMS,0.890461234050534
qPho0Eta,Q1,0.4052836874431923
qPho0Eta,Q2,0.024667336060179366
qPho0Eta,Q3,0.0
qPho0Eta,Q4,0.1333717798671131
qPho0Eta,Q5,0.3666732703197388
qPho1Eta,mean,0.09219629748858704
qPho1Eta,RMS,0.8301676889146797
qPho1Eta,Q1,0.4429304620998467
qPho1Eta,Q2,0.0
qPho1Eta,Q3,0.0
qPho1Eta,Q4,0.0
qPho1Eta,Q5,0.4425443846256738
qPho2Eta,mean,0.06662312334131014
qPho2Eta,RMS,0.7216846713709312
qPho2Eta,Q1,0.47238828498501184
qPho2Eta,Q2,0.0
qPho2Eta,Q3,0.0
qPho2Eta,Q4,0.0
qPho2Eta,Q5,0.4701909640702561
qPho3Eta,mean,0.05049041592939645
qPho3Eta,RMS,0.5786439977767049
qPho3Eta,Q1,0.46082404583323133
qPho3Eta,Q2,0.0
qPho3Eta,Q3,0.0
qPho3Eta,Q4,0.0
qPho3Eta,Q5,0.4789585391073508
qPho4Eta,mean,0.028091720560405424
qPho4Eta,RMS,0.4351442147364226
qPho4Eta,Q1,0.42248697392995843
qPho4Eta,Q2,0.0
qPho4Eta,Q3,0.0
qPho4Eta,Q4,0.0
qPho4Eta,Q5,0.4320708085818027
qPho5Eta,mean,0.035710251667899706
qPho5Eta,RMS,0.32622847580234043
qPho5Eta,Q1,0.31098557521981823
qPho5Eta,Q2,0.0
qPho5Eta,Q3,0.0
qPho5Eta,Q4,0.0
qPho5Eta,Q5,0.32581240737013045
qPho0Phi,mean,0.031202844832167242
qPho0Phi,RMS,0.5767127911899567
qPho0Phi,Q1,0.2732809271278982
qPho0Phi,Q2,0.02832567709730352
qPho0Phi,Q3,0.0
qPho0Phi,Q4,-1.9274607745768084e-05
qPho0Phi,Q5,0.28208062133571843
qPho1Phi,mean,0.02892592240247951
qPho1Phi,RMS,0.584870080619429
qPho1Phi,Q1,0.3075554188931544
qPho1Phi,Q2,0.0
qPho1Phi,Q3,0.0
qPho1Phi,Q4,0.0
qPho1Phi,Q5,0.2860677610290421
qPho2Phi,mean,0.02783112502088143
qPho2Phi,RMS,0.5070707685287321
qPho2Phi,Q1,0.3424109997343216
qPho2Phi,Q2,0.0
qPho2Phi,Q3,0.0
qPho2Phi,Q4,0.0
qPho2Phi,Q5,0.3395769369553707
qPho3Phi,mean,0.015232238998228245
qPho3Phi,RMS,0.4019674863690344
qPho3Phi,Q1,0.3641594518145464
qPho3Phi,Q2,0.0
qPho3Phi,Q3,0.0
qPho3Phi,Q4,0.0
qPho3Phi,Q5,0.33950032463013935
qPho4Phi,mean,0.012130122242582314
qPho4Phi,RMS,0.3260062073361621
qPho4Phi,Q1,0.3643635717991406
qPho4Phi,Q2,0.0
qPho4Phi,Q3,0.0
qPho4Phi,Q4,0.0
qPho4Phi,Q5,0.3607703454286134
qPho5Phi,mean,0.02270557329752246
qPho5Phi,RMS,0.25451377246814655
qPho5Phi,Q1,0.2685729968075788
qPho5Phi,Q2,0.0
qPho5Phi,Q3,0.0
qPho5Phi,Q4,0.0
qPho5Phi,Q5,0.2644381962562096
qPho0En,mean,0.6657837373863612
qPho0En,RMS,0.2141054165255965
qPho0En,Q1,0.0
qPho0En,Q2,0.0
qPho0En,Q3,0.0
qPho0En,Q4,0.7982118704928792
qPho0En,Q5,0.20201074695055726
qPho1En,mean,0.6930581070134889
qPho1En,RMS,0.30938263652440284
qPho1En,Q1,0.0
qPho1En,Q2,0.0
qPho1En,Q3,0.0
qPho1En,Q4,0.0
qPho1En,Q5,0.21786459859000912
qPho2En,mean,0.6469902885721044
qPho2En,RMS,0.4000792228178517
qPho2En,Q1,0.0
qPho2En,Q2,0.0
qPho2En,Q3,0.0
qPho2En,Q4,0.0
qPho2En,Q5,0.23054881008386705
qPho3En,mean,0.5456403128853832
qPho3En,RMS,0.41868733081887316
qPho3En,Q1,0.0
qPho3En,Q2,0.0
qPho3En,Q3,0.0
qPho3En,Q4,0.0
qPho3En,Q5,0.30433417502649124
qPho4En,mean,0.4099045838718514
qPho4En,RMS,0.3794409239719769
qPho4En,Q1,0.0
qPho4En,Q2,0.0
qPho4En,Q3,0.0
qPho4En,Q4,0.0
qPho4En,Q5,0.40096011957469374
qPho5En,mean,0.2790358312376179
qPho5En,RMS,0.3151555505444634
qPho5En,Q1,0.0
qPho5En,Q2,0.0
qPho5En,Q3,0.0
qPho5En,Q4,0.0
qPho5En,Q5,0.37396893751855215
qgedPho0Pt,mean,0.24509865155345806
qgedPho0Pt,RMS,0.09133166627340097
qgedPho0Pt,Q1,0.0
qgedPho0Pt,Q2,0.8531581381095048
qgedPho0Pt,Q3,0.8936138124272225
qgedPho0Pt,Q4,0.22909446997328736
qgedPho0Pt,Q5,0.1647302894743603
qgedPho1Pt,mean,0.4208795798338764
qgedPho1Pt,RMS,0.04784604628284854
qgedPho1Pt,Q1,0.0
qgedPho1Pt,Q2,0.0
qgedPho1Pt,Q3,0.25659114966416546
qgedPho1Pt,Q4,0.9295627053606452
qgedPho1Pt,Q5,0.17611235197943437
qgedPho2Pt,mean,0.5595050336645284
qgedPho2Pt,RMS,0.04483881855022837
qgedPho2Pt,Q1,0.0
qgedPho2Pt,Q2,0.0
qgedPho2Pt,Q3,0.0
qgedPho2Pt,Q4,0.569678559481523
qgedPho2Pt,Q5,0.11397081432994892
qgedPho3Pt,mean,0.5644287091492087
qgedPho3Pt,RMS,0.05642772695106023
qgedPho3Pt,Q1,0.0
qgedPho3Pt,Q2,0.0
qgedPho3Pt,Q3,0.0
qgedPho3Pt,Q4,0.0
qgedPho3Pt,Q5,0.07389570977790934
qgedPho4Pt,mean,0.5030809650972652
qgedPho4Pt,RMS,0.09573103233283167
qgedPho4Pt,Q1,0.0
qgedPho4Pt,Q2,0.0
qgedPho4Pt,Q3,0.0
qgedPho4Pt,Q4,0.0
qgedPho4Pt,Q5,0.1213414817075357
qgedPho5Pt,mean,0.39530290139839447
qgedPho5Pt,RMS,0.12674672756705493
qgedPho5Pt,Q1,0.0
qgedPho5Pt,Q2,0.0
qgedPho5Pt,Q3,0.0
qgedPho5Pt,Q4,0.0
qgedPho5Pt,Q5,0.12794239537859362
qgedPho0Eta,mean,0.047792266806654916
qgedPho0Eta,RMS,0.8971831988265389
qgedPho0Eta,Q1,0.3598966399836248
qgedPho0Eta,Q2,0.8424678461520089
qgedPho0Eta,Q3,0.0
qgedPho0Eta,Q4,0.8466249046216593
qgedPho0Eta,Q5,0.3113295661169377
qgedPho1Eta,mean,0.067159939895855
qgedPho1Eta,RMS,0.9197841934924063
qgedPho1Eta,Q1,0.36148625904455056
qgedPho1Eta,Q2,0.16636992436806308
qgedPho1Eta,Q3,0.0
qgedPho1Eta,Q4,0.40912259175455185
qgedPho1Eta,Q5,0.36051010835459923
qgedPho2Eta,mean,0.09750426021964
qgedPho2Eta,RMS,0.9038519024799303
qgedPho2Eta,Q1,0.3546196922518606
qgedPho2Eta,Q2,0.0
qgedPho2Eta,Q3,0.0
qgedPho2Eta,Q4,0.0
qgedPho2Eta,Q5,0.3482585946260097
qgedPho3Eta,mean,0.0796128857338414
qgedPho3Eta,RMS,0.8602743525284318
qgedPho3Eta,Q1,0.4072055913287364
qgedPho3Eta,Q2,0.0
qgedPho3Eta,Q3,0.0
qgedPho3Eta,Q4,0.0
qgedPho3Eta,Q5,0.4259024967258868
qgedPho4Eta,mean,0.08070403874389065
qgedPho4Eta,RMS,0.7745832393825478
qgedPho4Eta,Q1,0.4745091879602777
qgedPho4Eta,Q2,0.0
qgedPho4Eta,Q3,0.0
qgedPho4Eta,Q4,0.0
qgedPho4Eta,Q5,0.46043396675256676
qgedPho5Eta,mean,0.06629296115265207
qgedPho5Eta,RMS,0.6687358245609153
qgedPho5Eta,Q1,0.49007901971051215
qgedPho5Eta,Q2,0.0
qgedPho5Eta,Q3,0.0
qgedPho5Eta,Q4,0.0
qgedPho5Eta,Q5,0.49346459747342114
qgedPho0Phi,mean,0.04789442055923138
qgedPho0Phi,RMS,0.9049560777052575
qgedPho0Phi,Q1,0.300620564666897
qgedPho0Phi,Q2,0.8527193817422832
qgedPho0Phi,Q3,0.0
qgedPho0Phi,Q4,0.8480257479908342
qgedPho0Phi,Q5,0.27824182796461316
qgedPho1Phi,mean,0.039948528247798265
qgedPho1Phi,RMS,0.9401745702902897
qgedPho1Phi,Q1,0.3720283967154378
qgedPho1Phi,Q2,0.26166229524923235
qgedPho1Phi,Q3,0.0
qgedPho1Phi,Q4,0.28862540477894
qgedPho1Phi,Q5,0.3548676780420555
qgedPho2Phi,mean,0.06598371372094548
qgedPho2Phi,RMS,0.9302177844427449
qgedPho2Phi,Q1,0.42754832258220044
qgedPho2Phi,Q2,0.0
qgedPho2Phi,Q3,0.0
qgedPho2Phi,Q4,0.0
qgedPho2Phi,Q5,0.4200747780633562
qgedPho3Phi,mean,0.039795213556418366
qgedPho3Phi,RMS,0.894197884171037
qgedPho3Phi,Q1,0.4581849313768109
qgedPho3Phi,Q2,0.0
qgedPho3Phi,Q3,0.0
qgedPho3Phi,Q4,0.0
qgedPho3Phi,Q5,0.4522101070858837
qgedPho4Phi,mean,0.0206453034239796
qgedPho4Phi,RMS,0.8158872939351498
qgedPho4Phi,Q1,0.48854864024388994
qgedPho4Phi,Q2,0.0
qgedPho4Phi,Q3,0.0
qgedPho4Phi,Q4,0.0
qgedPho4Phi,Q5,0.49254144838743746
qgedPho5Phi,mean,0.013023600557277517
qgedPho5Phi,RMS,0.7103220140423732
qgedPho5Phi,Q1,0.5353297716014748
qgedPho5Phi,Q2,0.0
qgedPho5Phi,Q3,0.0
qgedPho5Phi,Q4,0.0
qgedPho5Phi,Q5,0.5381200312689769
qgedPho0En,mean,0.3323317281750931
qgedPho0En,RMS,0.0802028523476098
qgedPho0En,Q1,0.0
qgedPho0En,Q2,0.8512778979359654
qgedPho0En,Q3,0.8970339903819299
qgedPho0En,Q4,0.4319000796149257
qgedPho0En,Q5,0.16707921846331308
qgedPho1En,mean,0.4686776853268839
qgedPho1En,RMS,0.08580283460176888
qgedPho1En,Q1,0.0
qgedPho1En,Q2,0.0
qgedPho1En,Q3,0.2594061664700095
qgedPho1En,Q4,0.9273782693841824
qgedPho1En,Q5,0.18078875688744545
qgedPho2En,mean,0.5272361207404294
qgedPho2En,RMS,0.11393850643377522
qgedPho2En,Q1,0.0
qgedPho2En,Q2,0.0
qgedPho2En,Q3,0.0
qgedPho2En,Q4,0.5790511293333397
qgedPho2En,Q5,0.1612807771147269
qgedPho3En,mean,0.485652265599097
qgedPho3En,RMS,0.14059390632782698
qgedPho3En,Q1,0.0
qgedPho3En,Q2,0.0
qgedPho3En,Q3,0.0
qgedPho3En,Q4,0.0
qgedPho3En,Q5,0.194310553213206
qgedPho4En,mean,0.38717561623829966
qgedPho4En,RMS,0.11958631399082191
qgedPho4En,Q1,0.0
qgedPho4En,Q2,0.0
qgedPho4En,Q3,0.0
qgedPho4En,Q4,0.0
qgedPho4En,Q5,0.1784116729961311
qgedPho5En,mean,0.2869278987633691
qgedPho5En,RMS,0.114449588780509
qgedPho5En,Q1,0.0
qgedPho5En,Q2,0.0
qgedPho5En,Q3,0.0
qgedPho5En,Q4,0.0
qgedPho5En,Q5,0.14285968730430162
qMu0Pt,mean,0.0677678208303943
qMu0Pt,RMS,0.05198335388078578
qMu0Pt,Q1,0.30536325108750506
qMu0Pt,Q2,0.5825125752178256
qMu0Pt,Q3,0.515463390444686
qMu0Pt,Q4,0.7472631647721937
qMu0Pt,Q5,0.05541575143525698
qMu1Pt,mean,0.9361548325461709
qMu1Pt,RMS,0.07048584494977196
qMu1Pt,Q1,0.4718987424880729
qMu1Pt,Q2,0.9513952485263211
qMu1Pt,Q3,0.9827053115634851
qMu1Pt,Q4,0.9598042977530562
qMu1Pt,Q5,0.022092711706307985
qMu2Pt,mean,0.8908784117323842
qMu2Pt,RMS,0.6156631781795827
qMu2Pt,Q1,0.06566993332700123
qMu2Pt,Q2,0.9238236218004726
qMu2Pt,Q3,0.8496813411799918
qMu2Pt,Q4,0.9614008088089392
qMu2Pt,Q5,0.052725495194094786
qMu3Pt,mean,0.7549984897692743
qMu3Pt,RMS,0.7825519426517333
qMu3Pt,Q1,0.020616187868213894
qMu3Pt,Q2,0.9662293830708493
qMu3Pt,Q3,0.942610772076742
qMu3Pt,Q4,0.8781296385448321
qMu3Pt,Q5,0.1512732127257732
qMu4Pt,mean,0.9765740242147615
qMu4Pt,RMS,0.8031130899031049
qMu4Pt,Q1,0.0
qMu4Pt,Q2,0.9739786509201143
qMu4Pt,Q3,0.9203900579462478
qMu4Pt,Q4,0.8212250078704458
qMu4Pt,Q5,0.20378159615741423
qMu5Pt,mean,0.9926032851316446
qMu5Pt,RMS,0.8215183699378973
qMu5Pt,Q1,0.0
qMu5Pt,Q2,0.9558974060225395
qMu5Pt,Q3,0.9538446195268225
qMu5Pt,Q4,0.8163187446107587
qMu5Pt,Q5,0.1959072082889692
qMu0Eta,mean,0.07551380934805477
qMu0Eta,RMS,0.10785604459706594
qMu0Eta,Q1,0.14460822545182567
qMu0Eta,Q2,0.08738039914965519
qMu0Eta,Q3,0.06631058633735867
qMu0Eta,Q4,0.18933442309141182
qMu0Eta,Q5,0.16745249462570408
qMu1Eta,mean,0.2090310470555104
qMu1Eta,RMS,0.943413015968995
qMu1Eta,Q1,0.11413503727670861
qMu1Eta,Q2,0.8346196968066217
qMu1Eta,Q3,0.3261591452210356
qMu1Eta,Q4,0.876084910866958
qMu1Eta,Q5,0.0902890699931119
qMu2Eta,mean,0.1668465569268849
qMu2Eta,RMS,0.9781118404020597
qMu2Eta,Q1,0.04393282014098655
qMu2Eta,Q2,0.8714044118448226
qMu2Eta,Q3,0.4380047200642503
qMu2Eta,Q4,0.8802161020438938
qMu2Eta,Q5,0.04187070918216566
qMu3Eta,mean,0.05876961496030444
qMu3Eta,RMS,0.9908426577991551
qMu3Eta,Q1,0.04876245741541521
qMu3Eta,Q2,0.8841406554122601
qMu3Eta,Q3,0.17948022737077535
qMu3Eta,Q4,0.8782079012583638
qMu3Eta,Q5,0.05386922609119358
qMu4Eta,mean,0.05622195645634058
qMu4Eta,RMS,0.9944980092673217
qMu4Eta,Q1,0.0897267523119378
qMu4Eta,Q2,0.9063426610589737
qMu4Eta,Q3,0.17044286283516516
qMu4Eta,Q4,0.9077393517669553
qMu4Eta,Q5,0.09611952347358066
qMu5Eta,mean,0.10140150580048397
qMu5Eta,RMS,0.9952867503378847
qMu5Eta,Q1,0.28817340299629024
qMu5Eta,Q2,0.9511669902426144
qMu5Eta,Q3,0.1685712806497128
qMu5Eta,Q4,0.9505979885159093
qMu5Eta,Q5,0.29337817258110627
qMu0Phi,mean,0.061137016299942254
qMu0Phi,RMS,0.025991229968401766
qMu0Phi,Q1,0.2219197387891348
qMu0Phi,Q2,0.04014057503877315
qMu0Phi,Q3,0.07347809278534431
qMu0Phi,Q4,0.05375350301295044
qMu0Phi,Q5,0.2320728083166895
qMu1Phi,mean,0.06428496543244774
qMu1Phi,RMS,0.46306242594481684
qMu1Phi,Q1,0.25656935471217324
qMu1Phi,Q2,0.23973386450761303
qMu1Phi,Q3,0.08449669646465113
qMu1Phi,Q4,0.3118336306314798
qMu1Phi,Q5,0.26174948759191485
qMu2Phi,mean,0.033493091289504784
qMu2Phi,RMS,0.9115379197435394
qMu2Phi,Q1,0.2929634655234203
qMu2Phi,Q2,0.7973858040810818
qMu2Phi,Q3,0.10052202533799118
qMu2Phi,Q4,0.8064581595797113
qMu2Phi,Q5,0.27256140256279526
qMu3Phi,mean,0.037216083699360525
qMu3Phi,RMS,0.9704156000148905
qMu3Phi,Q1,0.34689290338938833
qMu3Phi,Q2,0.937606165442075
qMu3Phi,Q3,0.030566334736173473
qMu3Phi,Q4,0.9349571528259668
qMu3Phi,Q5,0.3664093149653126
qMu4Phi,mean,0.040104213920023744
qMu4Phi,RMS,0.9845385094745452
qMu4Phi,Q1,0.4139280892235289
qMu4Phi,Q2,0.9715794466423273
qMu4Phi,Q3,0.1271788261259491
qMu4Phi,Q4,0.9707121955108792
qMu4Phi,Q5,0.4125756234615485
qMu5Phi,mean,0.027895314952993168
qMu5Phi,RMS,0.9889365282853247
qMu5Phi,Q1,0.4838813827468152
qMu5Phi,Q2,0.9796204702530144
qMu5Phi,Q3,0.06859010246281395
qMu5Phi,Q4,0.9805467449800127
qMu5Phi,Q5,0.4569173325617926
qMu0En,mean,0.07833493047455793
qMu0En,RMS,0.06482291964865239
qMu0En,Q1,0.18893131740295283
qMu0En,Q2,0.4567588750787363
qMu0En,Q3,0.5712350098663902
qMu0En,Q4,0.5575364498606332
qMu0En,Q5,0.07151336823409546
qMu1En,mean,0.06989535750753553
qMu1En,RMS,0.02315041206427336
qMu1En,Q1,0.4567541042822398
qMu1En,Q2,0.9176805979667193
qMu1En,Q3,0.9589251056108296
qMu1En,Q4,0.9620370158094141
qMu1En,Q5,0.02318126369471917
qMu2En,mean,0.06332520990131094
qMu2En,RMS,0.012298105346832833
qMu2En,Q1,0.06062350331144039
qMu2En,Q2,0.8819488127572922
qMu2En,Q3,0.757886083785653
qMu2En,Q4,0.8944086232422244
qMu2En,Q5,0.013196092357165557
qMu3En,mean,0.08045201432184115
qMu3En,RMS,0.02123780746510076
qMu3En,Q1,0.020586465522341182
qMu3En,Q2,0.9578781339533733
qMu3En,Q3,0.9549539981635385
qMu3En,Q4,0.6581260345718114
qMu3En,Q5,0.021806284514653183
qMu4En,mean,0.1482599072256947
qMu4En,RMS,0.0334826697229107
qMu4En,Q1,0.0
qMu4En,Q2,0.9717129980573632
qMu4En,Q3,0.9271609284686466
qMu4En,Q4,0.9169401751690699
qMu4En,Q5,0.028454462753416378
qMu5En,mean,0.1550744174260222
qMu5En,RMS,0.017482246625495385
qMu5En,Q1,0.0
qMu5En,Q2,0.9527349954609018
qMu5En,Q3,0.9567718453073513
qMu5En,Q4,0.9135112634686539
qMu5En,Q5,0.017220478736936363
qMuCosm0Pt,mean,0.020888234612996485
qMuCosm0Pt,RMS,0.021550772789667706
qMuCosm0Pt,Q1,0.11684078025273618
qMuCosm0Pt,Q2,0.31038001474465526
qMuCosm0Pt,Q3,0.37234473971002896
qMuCosm0Pt,Q4,0.3108459253528331
qMuCosm0Pt,Q5,0.02221267843692292
qMuCosm1Pt,mean,0.6720518180118742
qMuCosm1Pt,RMS,0.051894275342652035
qMuCosm1Pt,Q1,0.0
qMuCosm1Pt,Q2,0.9388936784577112
qMuCosm1Pt,Q3,0.8206502148797824
qMuCosm1Pt,Q4,0.6017524966140374
qMuCosm1Pt,Q5,0.10136880394802597
qMuCosm2Pt,mean,0.9434021064613418
qMuCosm2Pt,RMS,0.3449546356529583
qMuCosm2Pt,Q1,0.0
qMuCosm2Pt,Q2,0.0
qMuCosm2Pt,Q3,0.9644841490493286
qMuCosm2Pt,Q4,0.971166414003654
qMuCosm2Pt,Q5,0.19685129160017936
qMuCosm3Pt,mean,0.9402411503096156
qMuCosm3Pt,RMS,0.3816062593617821
qMuCosm3Pt,Q1,0.0
qMuCosm3Pt,Q2,0.0
qMuCosm3Pt,Q3,0.0
qMuCosm3Pt,Q4,0.9435201828516367
qMuCosm3Pt,Q5,0.13585972209167832
qMuCosm4Pt,mean,0.8976397207092921
qMuCosm4Pt,RMS,0.47436314750533
qMuCosm4Pt,Q1,0.0
qMuCosm4Pt,Q2,0.0
qMuCosm4Pt,Q3,0.0
qMuCosm4Pt,Q4,0.0
qMuCosm4Pt,Q5,0.19555466378226516
qMuCosm5Pt,mean,0.7671776914744007
qMuCosm5Pt,RMS,0.4431289150561023
qMuCosm5Pt,Q1,0.0
qMuCosm5Pt,Q2,0.0
qMuCosm5Pt,Q3,0.0
qMuCosm5Pt,Q4,0.0
qMuCosm5Pt,Q5,0.35954974429076014
qMuCosm0Eta,mean,0.027776840728599865
qMuCosm0Eta,RMS,0.040197188232617545
qMuCosm0Eta,Q1,0.31673278782211595
qMuCosm0Eta,Q2,0.05775635977862496
qMuCosm0Eta,Q3,0.026575487889859115
qMuCosm0Eta,Q4,0.03411556643024196
qMuCosm0Eta,Q5,0.29015815405358536
qMuCosm1Eta,mean,0.02744095994145543
qMuCosm1Eta,RMS,0.8359846838882725
qMuCosm1Eta,Q1,0.2871448300790319
qMuCosm1Eta,Q2,0.7075937523926955
qMuCosm1Eta,Q3,0.01762153059033751
qMuCosm1Eta,Q4,0.7153566370257296
qMuCosm1Eta,Q5,0.2943655992414227
qMuCosm2Eta,mean,0.0340595776928577
qMuCosm2Eta,RMS,0.9619548673594542
qMuCosm2Eta,Q1,0.3431277927256704
qMuCosm2Eta,Q2,0.9013025107862448
qMuCosm2Eta,Q3,0.0
qMuCosm2Eta,Q4,0.8984861232372436
qMuCosm2Eta,Q5,0.36932959273519217
qMuCosm3Eta,mean,0.06307016034507916
qMuCosm3Eta,RMS,0.9644132108295117
qMuCosm3Eta,Q1,0.44347624770080785
qMuCosm3Eta,Q2,0.0
qMuCosm3Eta,Q3,0.0
qMuCosm3Eta,Q4,0.0
qMuCosm3Eta,Q5,0.4316241780921771
qMuCosm4Eta,mean,0.08859482292830001
qMuCosm4Eta,RMS,0.943697076734606
qMuCosm4Eta,Q1,0.5109838612578881
qMuCosm4Eta,Q2,0.0
qMuCosm4Eta,Q3,0.0
qMuCosm4Eta,Q4,0.0
qMuCosm4Eta,Q5,0.5220655306803003
qMuCosm5Eta,mean,0.05788198230216198
qMuCosm5Eta,RMS,0.8848663250481661
qMuCosm5Eta,Q1,0.6029315737105563
qMuCosm5Eta,Q2,0.0
qMuCosm5Eta,Q3,0.0
qMuCosm5Eta,Q4,0.0
qMuCosm5Eta,Q5,0.6184334961236717
qMuCosm0Phi,mean,0.0934832935252445
qMuCosm0Phi,RMS,0.08668237071097994
qMuCosm0Phi,Q1,0.2200019898364894
qMuCosm0Phi,Q2,0.05596008608788227
qMuCosm0Phi,Q3,0.04107091826706336
qMuCosm0Phi,Q4,0.04723274934133895
qMuCosm0Phi,Q5,0.22994686504302395
qMuCosm1Phi,mean,0.6906190039757499
qMuCosm1Phi,RMS,0.5247979068768176
qMuCosm1Phi,Q1,0.27659537760663533
qMuCosm1Phi,Q2,0.672087141306187
qMuCosm1Phi,Q3,0.8414839056318176
qMuCosm1Phi,Q4,0.38736989743273115
qMuCosm1Phi,Q5,0.28555933739954864
qMuCosm2Phi,mean,0.8648902632452473
qMuCosm2Phi,RMS,0.9452059865547108
qMuCosm2Phi,Q1,0.36727076433096717
qMuCosm2Phi,Q2,0.9588110947482532
qMuCosm2Phi,Q3,0.10269330155257507
qMuCosm2Phi,Q4,0.0
qMuCosm2Phi,Q5,0.36095941046522706
qMuCosm3Phi,mean,0.8689210588343445
qMuCosm3Phi,RMS,0.960382138647417
qMuCosm3Phi,Q1,0.46600661007089034
qMuCosm3Phi,Q2,0.18874151044291426
qMuCosm3Phi,Q3,0.0
qMuCosm3Phi,Q4,0.0
qMuCosm3Phi,Q5,0.45066515800746815
qMuCosm4Phi,mean,0.8130179922870757
qMuCosm4Phi,RMS,0.9372880985524238
qMuCosm4Phi,Q1,0.5399304025044088
qMuCosm4Phi,Q2,0.0
qMuCosm4Phi,Q3,0.0
qMuCosm4Phi,Q4,0.0
qMuCosm4Phi,Q5,0.5207620960020213
qMuCosm5Phi,mean,0.6732938977587575
qMuCosm5Phi,RMS,0.8650782528748054
qMuCosm5Phi,Q1,0.5674561580575921
qMuCosm5Phi,Q2,0.0
qMuCosm5Phi,Q3,0.0
qMuCosm5Phi,Q4,0.0
qMuCosm5Phi,Q5,0.6096504344484933
qMuCosm0En,mean,0.01964965153459893
qMuCosm0En,RMS,0.019579362224797576
qMuCosm0En,Q1,0.13054590762375617
qMuCosm0En,Q2,0.28123287802683494
qMuCosm0En,Q3,0.32320973251668234
qMuCosm0En,Q4,0.24743636321640367
qMuCosm0En,Q5,0.020126667988975198
qMuCosm1En,mean,0.5826797064064101
qMuCosm1En,RMS,0.04624873451337761
qMuCosm1En,Q1,0.0
qMuCosm1En,Q2,0.9380281672888479
qMuCosm1En,Q3,0.8383410722979745
qMuCosm1En,Q4,0.5937880351449109
qMuCosm1En,Q5,0.09445464370757219
qMuCosm2En,mean,0.932780562801669
qMuCosm2En,RMS,0.3342822684879422
qMuCosm2En,Q1,0.0
qMuCosm2En,Q2,0.0
qMuCosm2En,Q3,0.9615838337370156
qMuCosm2En,Q4,0.9706122028965073
qMuCosm2En,Q5,0.2459483656326285
qMuCosm3En,mean,0.9350251409776009
qMuCosm3En,RMS,0.4646997599228261
qMuCosm3En,Q1,0.0
qMuCosm3En,Q2,0.0
qMuCosm3En,Q3,0.0
qMuCosm3En,Q4,0.93601026989632
qMuCosm3En,Q5,0.26411825151339524
qMuCosm4En,mean,0.8888046383860657
qMuCosm4En,RMS,0.5119148495377052
qMuCosm4En,Q1,0.0
qMuCosm4En,Q2,0.0
qMuCosm4En,Q3,0.0
qMuCosm4En,Q4,0.0
qMuCosm4En,Q5,0.2843914302711974
qMuCosm5En,mean,0.7617366146618821
qMuCosm5En,RMS,0.47727135982168767
qMuCosm5En,Q1,0.0
qMuCosm5En,Q2,0.0
qMuCosm5En,Q3,0.0
qMuCosm5En,Q4,0.0
qMuCosm5En,Q5,0.40842079272844894
qMuCosmLeg0Pt,mean,0.048569668066876744
qMuCosmLeg0Pt,RMS,0.05042871013056969
qMuCosmLeg0Pt,Q1,0.0
qMuCosmLeg0Pt,Q2,0.7872054154080647
qMuCosmLeg0Pt,Q3,0.9479683294198905
qMuCosmLeg0Pt,Q4,0.8842709271095436
qMuCosmLeg0Pt,Q5,0.0548548021796352
qMuCosmLeg1Pt,mean,0.8679264457990976
qMuCosmLeg1Pt,RMS,0.17124309340833663
qMuCosmLeg1Pt,Q1,0.0
qMuCosmLeg1Pt,Q2,0.0
qMuCosmLeg1Pt,Q3,0.0
qMuCosmLeg1Pt,Q4,0.8879707243126505
qMuCosmLeg1Pt,Q5,0.13113827725711347
qMuCosmLeg2Pt,mean,0.8159033694208094
qMuCosmLeg2Pt,RMS,0.32327397346892817
qMuCosmLeg2Pt,Q1,0.0
qMuCosmLeg2Pt,Q2,0.0
qMuCosmLeg2Pt,Q3,0.0
qMuCosmLeg2Pt,Q4,0.0
qMuCosmLeg2Pt,Q5,0.17670912298622823
qMuCosmLeg3Pt,mean,0.3279140388944209
qMuCosmLeg3Pt,RMS,0.21720139718021592
qMuCosmLeg3Pt,Q1,0.0
qMuCosmLeg3Pt,Q2,0.0
qMuCosmLeg3Pt,Q3,0.0
qMuCosmLeg3Pt,Q4,0.0
qMuCosmLeg3Pt,Q5,0.21514577068801974
qMuCosmLeg4Pt,mean,0.05566945296250673
qMuCosmLeg4Pt,RMS,0.0723186798129945
qMuCosmLeg4Pt,Q1,0.0
qMuCosmLeg4Pt,Q2,0.0
qMuCosmLeg4Pt,Q3,0.0
qMuCosmLeg4Pt,Q4,0.0
qMuCosmLeg4Pt,Q5,0.09595637085164649
qMuCosmLeg5Pt,mean,0.020117357823635464
qMuCosmLeg5Pt,RMS,0.01819870656433682
qMuCosmLeg5Pt,Q1,0.0
qMuCosmLeg5Pt,Q2,0.0
qMuCosmLeg5Pt,Q3,0.0
qMuCosmLeg5Pt,Q4,0.0
qMuCosmLeg5Pt,Q5,0.020553147711869446
qMuCosmLeg0Eta,mean,0.05194480572459133
qMuCosmLeg0Eta,RMS,0.9143673972577315
qMuCosmLeg0Eta,Q1,0.34082539775644266
qMuCosmLeg0Eta,Q2,0.8893699434952327
qMuCosmLeg0Eta,Q3,0.0
qMuCosmLeg0Eta,Q4,0.9035976188345253
qMuCosmLeg0Eta,Q5,0.33273769342750653
qMuCosmLeg1Eta,mean,0.04205896433468022
qMuCosmLeg1Eta,RMS,0.957726356696747
qMuCosmLeg1Eta,Q1,0.48030214207584865
qMuCosmLeg1Eta,Q2,0.0
qMuCosmLeg1Eta,Q3,0.0
qMuCosmLeg1Eta,Q4,0.0
qMuCosmLeg1Eta,Q5,0.4638301579939421
qMuCosmLeg2Eta,mean,0.06237035653301539
qMuCosmLeg2Eta,RMS,0.902330403861726
qMuCosmLeg2Eta,Q1,0.6198956111052781
qMuCosmLeg2Eta,Q2,0.0
qMuCosmLeg2Eta,Q3,0.0
qMuCosmLeg2Eta,Q4,0.0
qMuCosmLeg2Eta,Q5,0.6126381142744274
qMuCosmLeg3Eta,mean,0.03258041527874961
qMuCosmLeg3Eta,RMS,0.7101886726635575
qMuCosmLeg3Eta,Q1,0.6203937013066751
qMuCosmLeg3Eta,Q2,0.0
qMuCosmLeg3Eta,Q3,0.0
qMuCosmLeg3Eta,Q4,0.0
qMuCosmLeg3Eta,Q5,0.6098602452855074
qMuCosmLeg4Eta,mean,0.025034833798357366
qMuCosmLeg4Eta,RMS,0.3329155801057149
qMuCosmLeg4Eta,Q1,0.26015582583093544
qMuCosmLeg4Eta,Q2,0.0
qMuCosmLeg4Eta,Q3,0.0
qMuCosmLeg4Eta,Q4,0.0
qMuCosmLeg4Eta,Q5,0.2735670283577621
qMuCosmLeg5Eta,mean,0.022414580650275105
qMuCosmLeg5Eta,RMS,0.07654827342740747
qMuCosmLeg5Eta,Q1,0.07478054801636469
qMuCosmLeg5Eta,Q2,0.0
qMuCosmLeg5Eta,Q3,0.0
qMuCosmLeg5Eta,Q4,0.0
qMuCosmLeg5Eta,Q5,0.06150304948432155
qMuCosmLeg0Phi,mean,0.8507744839216885
qMuCosmLeg0Phi,RMS,0.8359034191809318
qMuCosmLeg0Phi,Q1,0.3477645655219629
qMuCosmLeg0Phi,Q2,0.8757424920089748
qMuCosmLeg0Phi,Q3,0.9476955195758463
qMuCosmLeg0Phi,Q4,0.0
qMuCosmLeg0Phi,Q5,0.27331582464408155
qMuCosmLeg1Phi,mean,0.8932110080158823
qMuCosmLeg1Phi,RMS,0.9566414927938028
qMuCosmLeg1Phi,Q1,0.4939417988871129
qMuCosmLeg1Phi,Q2,0.16937377835177056
qMuCosmLeg1Phi,Q3,0.0
qMuCosmLeg1Phi,Q4,0.0
qMuCosmLeg1Phi,Q5,0.4418101264030057
qMuCosmLeg2Phi,mean,0.7282980636503066
qMuCosmLeg2Phi,RMS,0.9020145235188137
qMuCosmLeg2Phi,Q1,0.6076285640828053
qMuCosmLeg2Phi,Q2,0.0
qMuCosmLeg2Phi,Q3,0.0
qMuCosmLeg2Phi,Q4,0.0
qMuCosmLeg2Phi,Q5,0.6357448422164642
qMuCosmLeg3Phi,mean,0.3664171031357214
qMuCosmLeg3Phi,RMS,0.699373812080852
qMuCosmLeg3Phi,Q1,0.6441698970034413
qMuCosmLeg3Phi,Q2,0.0
qMuCosmLeg3Phi,Q3,0.0
qMuCosmLeg3Phi,Q4,0.0
qMuCosmLeg3Phi,Q5,0.5430236318975177
qMuCosmLeg4Phi,mean,0.11150155302166737
qMuCosmLeg4Phi,RMS,0.3119772354008792
qMuCosmLeg4Phi,Q1,0.30095789275176527
qMuCosmLeg4Phi,Q2,0.0
qMuCosmLeg4Phi,Q3,0.0
qMuCosmLeg4Phi,Q4,0.0
qMuCosmLeg4Phi,Q5,0.20520211103498234
qMuCosmLeg5Phi,mean,0.013720010970659465
qMuCosmLeg5Phi,RMS,0.046110512270614426
qMuCosmLeg5Phi,Q1,0.05401653609020447
qMuCosmLeg5Phi,Q2,0.0
qMuCosmLeg5Phi,Q3,0.0
qMuCosmLeg5Phi,Q4,0.0
qMuCosmLeg5Phi,Q5,0.042410940095892545
qMuCosmLeg0En,mean,0.052231780239495776
qMuCosmLeg0En,RMS,0.05247843649517839
qMuCosmLeg0En,Q1,0.0
qMuCosmLeg0En,Q2,0.7650266154632316
qMuCosmLeg0En,Q3,0.9416802886826677
qMuCosmLeg0En,Q4,0.8922865951243234
qMuCosmLeg0En,Q5,0.05783525295115271
qMuCosmLeg1En,mean,0.8902925650023328
qMuCosmLeg1En,RMS,0.21493897291280029
qMuCosmLeg1En,Q1,0.0
qMuCosmLeg1En,Q2,0.0
qMuCosmLeg1En,Q3,0.0
qMuCosmLeg1En,Q4,0.8734368480388783
qMuCosmLeg1En,Q5,0.1657606124236978
qMuCosmLeg2En,mean,0.8660234753797953
qMuCosmLeg2En,RMS,0.5304582447041122
qMuCosmLeg2En,Q1,0.0
qMuCosmLeg2En,Q2,0.0
qMuCosmLeg2En,Q3,0.0
qMuCosmLeg2En,Q4,0.0
qMuCosmLeg2En,Q5,0.35076234711604565
qMuCosmLeg3En,mean,0.545034394612597
qMuCosmLeg3En,RMS,0.44688678284256517
qMuCosmLeg3En,Q1,0.0
qMuCosmLeg3En,Q2,0.0
qMuCosmLeg3En,Q3,0.0
qMuCosmLeg3En,Q4,0.0
qMuCosmLeg3En,Q5,0.4259477747995757
qMuCosmLeg4En,mean,0.13934956759012054
qMuCosmLeg4En,RMS,0.16428024381791217
qMuCosmLeg4En,Q1,0.0
qMuCosmLeg4En,Q2,0.0
qMuCosmLeg4En,Q3,0.0
qMuCosmLeg4En,Q4,0.0
qMuCosmLeg4En,Q5,0.19221494376724987
qMuCosmLeg5En,mean,0.027927856614065723
qMuCosmLeg5En,RMS,0.0382992602070909
qMuCosmLeg5En,Q1,0.0
qMuCosmLeg5En,Q2,0.0
qMuCosmLeg5En,Q3,0.0
qMuCosmLeg5En,Q4,0.0
qMuCosmLeg5En,Q5,0.05068519687319661
qPFJet4CHSPt,mean,0.9569400658510658
qPFJet4CHSPt,RMS,0.8990001565329876
qPFJet4CHSPt,Q1,0.3000938495142074
qPFJet4CHSPt,Q2,0.9965230717911636
qPFJet4CHSPt,Q3,0.9965049604513827
qPFJet4CHSPt,Q4,0.9957749198302175
qPFJet4CHSPt,Q5,0.1559883207977744
qPFJet4CHSEta,mean,0.1864148946762667
qPFJet4CHSEta,RMS,0.9942145014218251
qPFJet4CHSEta,Q1,0.3286964688119581
qPFJet4CHSEta,Q2,0.9565429854629388
qPFJet4CHSEta,Q3,0.11766896496019519
qPFJet4CHSEta,Q4,0.9478308811878361
qPFJet4CHSEta,Q5,0.5090870343745677
qPFJet4CHSPhi,mean,0.10658427565929306
qPFJet4CHSPhi,RMS,0.2590729057379169
qPFJet4CHSPhi,Q1,0.4736090865013662
qPFJet4CHSPhi,Q2,0.06680860434963165
qPFJet4CHSPhi,Q3,0.1998393530627387
qPFJet4CHSPhi,Q4,0.2343449725047175
qPFJet4CHSPhi,Q5,0.46732405331594373
qPFJet8CHSPt,mean,0.9734643259824248
qPFJet8CHSPt,RMS,0.8318444397771264
qPFJet8CHSPt,Q1,0.5440980558681342
qPFJet8CHSPt,Q2,0.960177169803243
qPFJet8CHSPt,Q3,0.9748874154097036
qPFJet8CHSPt,Q4,0.9784430864460892
qPFJet8CHSPt,Q5,0.17154831952088062
qPFJet8CHSEta,mean,0.34285882956236835
qPFJet8CHSEta,RMS,0.9959383137316585
qPFJet8CHSEta,Q1,0.7589477711287845
qPFJet8CHSEta,Q2,0.9913138193454007
qPFJet8CHSEta,Q3,0.3324124178494813
qPFJet8CHSEta,Q4,0.9904810104125802
qPFJet8CHSEta,Q5,0.7563976056154027
qPFJet8CHSPhi,mean,0.17712648883150098
qPFJet8CHSPhi,RMS,0.13141147364217284
qPFJet8CHSPhi,Q1,0.43261403703816803
qPFJet8CHSPhi,Q2,0.08160262268683974
qPFJet8CHSPhi,Q3,0.09484885718186481
qPFJet8CHSPhi,Q4,0.19719685393875888
qPFJet8CHSPhi,Q5,0.42084508386130404
qPFJetEIPt,mean,0.9618613619313399
qPFJetEIPt,RMS,0.8944959652151201
qPFJetEIPt,Q1,0.29804880177446547
qPFJetEIPt,Q2,0.9965594132342432
qPFJetEIPt,Q3,0.9965666815652464
qPFJetEIPt,Q4,0.9959517893112754
qPFJetEIPt,Q5,0.15659270113926047
qPFJetEIEta,mean,0.18603384318682922
qPFJetEIEta,RMS,0.9936270120117958
qPFJetEIEta,Q1,0.3286965554787993
qPFJetEIEta,Q2,0.9545772244717893
qPFJetEIEta,Q3,0.11901174679714306
qPFJetEIEta,Q4,0.9396769884946128
qPFJetEIEta,Q5,0.5090873101940423
qPFJetEIPhi,mean,0.1093371585510859
qPFJetEIPhi,RMS,0.2580676880625082
qPFJetEIPhi,Q1,0.4738325555523137
qPFJetEIPhi,Q2,0.06558977320695329
qPFJetEIPhi,Q3,0.2027883876983451
qPFJetEIPhi,Q4,0.2366790095908297
qPFJetEIPhi,Q5,0.4659244771147137
qPFJet8CHSSDPt,mean,0.3107045746454332
qPFJet8CHSSDPt,RMS,0.1215273822311889
qPFJet8CHSSDPt,Q1,0.3149456073451171
qPFJet8CHSSDPt,Q2,0.6949083343254047
qPFJet8CHSSDPt,Q3,0.16759892501784013
qPFJet8CHSSDPt,Q4,0.1992249917504815
qPFJet8CHSSDPt,Q5,0.1495759173275671
qPFJet8CHSSDEta,mean,0.06262723895475043
qPFJet8CHSSDEta,RMS,0.9139356496114673
qPFJet8CHSSDEta,Q1,0.6593300931399441
qPFJet8CHSSDEta,Q2,0.34394697765935933
qPFJet8CHSSDEta,Q3,0.032784830955743464
qPFJet8CHSSDEta,Q4,0.3151923536376722
qPFJet8CHSSDEta,Q5,0.6523092292636473
qPFJet8CHSSDPhi,mean,0.053251240404471566
qPFJet8CHSSDPhi,RMS,0.02576927061852892
qPFJet8CHSSDPhi,Q1,0.31112031056074
qPFJet8CHSSDPhi,Q2,0.03576747221542958
qPFJet8CHSSDPhi,Q3,0.06286062803817477
qPFJet8CHSSDPhi,Q4,0.041884733445301
qPFJet8CHSSDPhi,Q5,0.3135831727838992
qPFJetTopCHSPt,mean,0.9166675426969093
qPFJetTopCHSPt,RMS,0.4382071342378041
qPFJetTopCHSPt,Q1,0.333927146311907
qPFJetTopCHSPt,Q2,0.779772415658286
qPFJetTopCHSPt,Q3,0.956077519170858
qPFJetTopCHSPt,Q4,0.9260268567825388
qPFJetTopCHSPt,Q5,0.15764842596022552
qPFJetTopCHSEta,mean,0.035962488857082746
qPFJetTopCHSEta,RMS,0.46672658534658223
qPFJetTopCHSEta,Q1,0.45075271171473946
qPFJetTopCHSEta,Q2,0.19467023987216156
qPFJetTopCHSEta,Q3,0.026057608596302885
qPFJetTopCHSEta,Q4,0.14082857836407256
qPFJetTopCHSEta,Q5,0.4586790357627772
qPFJetTopCHSPhi,mean,0.07949588664640067
qPFJetTopCHSPhi,RMS,0.017196876042016515
qPFJetTopCHSPhi,Q1,0.3335463240526686
qPFJetTopCHSPhi,Q2,0.052057198316661606
qPFJetTopCHSPhi,Q3,0.0847827683466458
qPFJetTopCHSPhi,Q4,0.0691223944904373
qPFJetTopCHSPhi,Q5,0.34459796226870876
qPFChMetPt,mean,0.869120498445525
qPFChMetPt,RMS,0.11715135213298446
qPFChMetPt,Q1,0.09526719862133129
qPFChMetPt,Q2,0.8724360070599331
qPFChMetPt,Q3,0.901073442489387
qPFChMetPt,Q4,0.8606559287497694
qPFChMetPt,Q5,0.11843598493369653
qPFChMetPhi,mean,0.25736658824210407
qPFChMetPhi,RMS,0.13571172753023372
qPFChMetPhi,Q1,0.21869698961244588
qPFChMetPhi,Q2,0.1640968395034594
qPFChMetPhi,Q3,0.30422708932618814
qPFChMetPhi,Q4,0.19595002096446168
qPFChMetPhi,Q5,0.20203248846845376
qPFMetPt,mean,0.9809287724293795
qPFMetPt,RMS,0.2602627024820342
qPFMetPt,Q1,0.08979578977621838
qPFMetPt,Q2,0.9645716838400074
qPFMetPt,Q3,0.9792012715529381
qPFMetPt,Q4,0.9798393076657825
qPFMetPt,Q5,0.11384346199127503
qPFMetPhi,mean,0.4968025008274963
qPFMetPhi,RMS,0.359173869814772
qPFMetPhi,Q1,0.23439443065632712
qPFMetPhi,Q2,0.4897961323766937
qPFMetPhi,Q3,0.5285946898898389
qPFMetPhi,Q4,0.24053219999070016
qPFMetPhi,Q5,0.21394534289261138
qNVtx,mean,0.9962764609137741
qNVtx,RMS,0.9432487779477832
qNVtx,Q1,0.6458745041398078
qNVtx,Q2,0.9950121960919879
qNVtx,Q3,0.9957965622444304
qNVtx,Q4,0.9951806030716969
qNVtx,Q5,0.9593636752804884
qCalJetPt,mean,0.983293639694771
qCalJetPt,RMS,0.932244494534621
qCalJetPt,Q1,0.5334563389610122
qCalJetPt,Q2,0.9785506064627919
qCalJetPt,Q3,0.9690193906120371
qCalJetPt,Q4,0.9764605006747796
qCalJetPt,Q5,0.1866154974855171
qCalJetEta,mean,0.16156097054594776
qCalJetEta,RMS,0.9949305662246745
qCalJetEta,Q1,0.4351709988303013
qCalJetEta,Q2,0.967873320208588
qCalJetEta,Q3,0.29856478514140455
qCalJetEta,Q4,0.9690433316145053
qCalJetEta,Q5,0.43173505623066616
qCalJetPhi,mean,0.04384215500780092
qCalJetPhi,RMS,0.1367052120183853
qCalJetPhi,Q1,0.5819192344614198
qCalJetPhi,Q2,0.11149529113101826
qCalJetPhi,Q3,0.0435611012402827
qCalJetPhi,Q4,0.06686474735229102
qCalJetPhi,Q5,0.5752521604567397
qCalJetEn,mean,0.9948576771437364
qCalJetEn,RMS,0.8359136729115425
qCalJetEn,Q1,0.32952228128190586
qCalJetEn,Q2,0.9949240288596014
qCalJetEn,Q3,0.995266768426041
qCalJetEn,Q4,0.9947564379266678
qCalJetEn,Q5,0.27617633726265445
qCalMETPt,mean,0.9554393161450784
qCalMETPt,RMS,0.3064930194741088
qCalMETPt,Q1,0.027227691520471043
qCalMETPt,Q2,0.9558880027101229
qCalMETPt,Q3,0.9668569676316112
qCalMETPt,Q4,0.9506386597038063
qCalMETPt,Q5,0.20045457520586335
qCalMETPhi,mean,0.031709949957154725
qCalMETPhi,RMS,0.08404177854624037
qCalMETPhi,Q1,0.22392453549594113
qCalMETPhi,Q2,0.05376452915624406
qCalMETPhi,Q3,0.027778299276724233
qCalMETPhi,Q4,0.05196378599629125
qCalMETPhi,Q5,0.22602073002206122
qCalMETEn,mean,0.9554370519322477
qCalMETEn,RMS,0.3064914025954757
qCalMETEn,Q1,0.02715951834735788
qCalMETEn,Q2,0.9558886812144826
qCalMETEn,Q3,0.9668568502712108
qCalMETEn,Q4,0.95064126857744
qCalMETEn,Q5,0.2004384310599413
qCalMETBEPt,mean,0.9294179906980317
qCalMETBEPt,RMS,0.1807676135252567
qCalMETBEPt,Q1,0.03766931216354308
qCalMETBEPt,Q2,0.9560186021672834
qCalMETBEPt,Q3,0.9616801113134076
qCalMETBEPt,Q4,0.9244098076947673
qCalMETBEPt,Q5,0.19809182997254737
qCalMETBEPhi,mean,0.15695695406425936
qCalMETBEPhi,RMS,0.5126889994568093
qCalMETBEPhi,Q1,0.2578363375918049
qCalMETBEPhi,Q2,0.23515277462733014
qCalMETBEPhi,Q3,0.20530052652521275
qCalMETBEPhi,Q4,0.3893596312482206
qCalMETBEPhi,Q5,0.23418440452600292
qCalMETBEEn,mean,0.9294200948325223
qCalMETBEEn,RMS,0.1807652575541995
qCalMETBEEn,Q1,0.03776596964725513
qCalMETBEEn,Q2,0.9560185889184758
qCalMETBEEn,Q3,0.961678726096574
qCalMETBEEn,Q4,0.9244095461516237
qCalMETBEEn,Q5,0.19809083403419844
qCalMETBEFOPt,mean,0.95595484458405
qCalMETBEFOPt,RMS,0.30644396569391746
qCalMETBEFOPt,Q1,0.02210515896708336
qCalMETBEFOPt,Q2,0.9561998308145758
qCalMETBEFOPt,Q3,0.9671165036746657
qCalMETBEFOPt,Q4,0.9516103260431482
qCalMETBEFOPt,Q5,0.2028321427627823
qCalMETBEFOPhi,mean,0.03079586587720946
qCalMETBEFOPhi,RMS,0.08684447984801351
qCalMETBEFOPhi,Q1,0.22034644366849912
qCalMETBEFOPhi,Q2,0.05817864343208067
qCalMETBEFOPhi,Q3,0.02776329505946817
qCalMETBEFOPhi,Q4,0.05138721169139642
qCalMETBEFOPhi,Q5,0.22584491231569936
qCalMETBEFOEn,mean,0.9559526081186113
qCalMETBEFOEn,RMS,0.3064444062174273
qCalMETBEFOEn,Q1,0.022077192164516517
qCalMETBEFOEn,Q2,0.9561969475346577
qCalMETBEFOEn,Q3,0.9671170127605707
qCalMETBEFOEn,Q4,0.951609738147777
qCalMETBEFOEn,Q5,0.202838331170172
qCalMETMPt,mean,0.9755624273669657
qCalMETMPt,RMS,0.5847369166241182
qCalMETMPt,Q1,0.03095969270171724
qCalMETMPt,Q2,0.9574049772543874
qCalMETMPt,Q3,0.9722508367120233
qCalMETMPt,Q4,0.9707295051761053
qCalMETMPt,Q5,0.20334979523269595
qCalMETMPhi,mean,0.04277080456695361
qCalMETMPhi,RMS,0.09553499953195449
qCalMETMPhi,Q1,0.22963792364564467
qCalMETMPhi,Q2,0.07693465217046104
qCalMETMPhi,Q3,0.04185824491610419
qCalMETMPhi,Q4,0.04835532669260606
qCalMETMPhi,Q5,0.21491764600983174
qCalMETMEn,mean,0.9755623300328526
qCalMETMEn,RMS,0.584735192828363
qCalMETMEn,Q1,0.031209066520351988
qCalMETMEn,Q2,0.9574058040101118
qCalMETMEn,Q3,0.972249756309838
qCalMETMEn,Q4,0.9707299459268863
qCalMETMEn,Q5,0.20334707324831167
qSCEn,mean,0.8996155707164786
qSCEn,RMS,0.41640530460859604
qSCEn,Q1,0.3505739728246824
qSCEn,Q2,0.9517580830946064
qSCEn,Q3,0.9556257510499766
qSCEn,Q4,0.9396133415710536
qSCEn,Q5,0.1905844488572724
qSCEta,mean,0.08865072838304229
qSCEta,RMS,0.37291482486732824
qSCEta,Q1,0.24971552083534534
qSCEta,Q2,0.1988691327891439
qSCEta,Q3,0.1150111733776652
qSCEta,Q4,0.3278316850282046
qSCEta,Q5,0.22417482369477154
qSCPhi,mean,0.05167242411691797
qSCPhi,RMS,0.06620674193742832
qSCPhi,Q1,0.332400416623772
qSCPhi,Q2,0.02813161882485413
qSCPhi,Q3,0.04185061361211041
qSCPhi,Q4,0.0665205928774906
qSCPhi,Q5,0.3338860925366463
qSCEtaWidth,mean,0.4065028574340775
qSCEtaWidth,RMS,0.46205344626101574
qSCEtaWidth,Q1,0.4341015999169649
qSCEtaWidth,Q2,0.9112994889704862
qSCEtaWidth,Q3,0.7708395711090852
qSCEtaWidth,Q4,0.18261672422543238
qSCEtaWidth,Q5,0.33907988656189575
qSCPhiWidth,mean,0.366713584120389
qSCPhiWidth,RMS,0.8841658067326534
qSCPhiWidth,Q1,0.40524997811775065
qSCPhiWidth,Q2,0.9201980296693728
qSCPhiWidth,Q3,0.860242630243499
qSCPhiWidth,Q4,0.3378058343192811
qSCPhiWidth,Q5,0.44687902678322283
qSCEnhfEM,mean,0.8568903568063992
qSCEnhfEM,RMS,0.6051418369045103
qSCEnhfEM,Q1,0.1563844427798434
qSCEnhfEM,Q2,0.6252812737132261
qSCEnhfEM,Q3,0.8338233123189827
qSCEnhfEM,Q4,0.8638784513553945
qSCEnhfEM,Q5,0.07425987166554464
qSCEtahfEM,mean,0.05553025183344433
qSCEtahfEM,RMS,0.738577394164102
qSCEtahfEM,Q1,0.09737515790569877
qSCEtahfEM,Q2,0.5435268696536053
qSCEtahfEM,Q3,0.07228908829951448
qSCEtahfEM,Q4,0.4740315154832209
qSCEtahfEM,Q5,0.10377325407653243
qSCPhihfEM,mean,0.04374314345522327
qSCPhihfEM,RMS,0.023853253507304068
qSCPhihfEM,Q1,0.3075308218777018
qSCPhihfEM,Q2,0.018474986738693563
qSCPhihfEM,Q3,0.023149415816672958
qSCPhihfEM,Q4,0.037505164543557915
qSCPhihfEM,Q5,0.27309988754473585
qSCEn5x5,mean,0.7159036371671912
qSCEn5x5,RMS,0.7779302391118155
qSCEn5x5,Q1,0.3948932830901413
qSCEn5x5,Q2,0.9830834324070602
qSCEn5x5,Q3,0.9814815697385751
qSCEn5x5,Q4,0.9522454081231811
qSCEn5x5,Q5,0.19860669971869502
qSCEta5x5,mean,0.08820100585737653
qSCEta5x5,RMS,0.9854975585761205
qSCEta5x5,Q1,0.41261211166473266
qSCEta5x5,Q2,0.9581532970523642
qSCEta5x5,Q3,0.2116654923800806
qSCEta5x5,Q4,0.9494422789240412
qSCEta5x5,Q5,0.42088379612349763
qSCPhi5x5,mean,0.12276599222857011
qSCPhi5x5,RMS,0.06330279232677828
qSCPhi5x5,Q1,0.4774958444703886
qSCPhi5x5,Q2,0.10235830943096169
qSCPhi5x5,Q3,0.1262492921010198
qSCPhi5x5,Q4,0.10360473319838087
qSCPhi5x5,Q5,0.4861582285124629
qSCEtaWidth5x5,mean,0.9871575078332688
qSCEtaWidth5x5,RMS,0.9626262919290958
qSCEtaWidth5x5,Q1,0.44568758611693676
qSCEtaWidth5x5,Q2,0.9787978472740213
qSCEtaWidth5x5,Q3,0.9853432833747369
qSCEtaWidth5x5,Q4,0.9870756981070131
qSCEtaWidth5x5,Q5,0.5554082561984197
qSCPhiWidth5x5,mean,0.9880694890228342
qSCPhiWidth5x5,RMS,0.9728720542344933
qSCPhiWidth5x5,Q1,0.3449737746760738
qSCPhiWidth5x5,Q2,0.9821942439728527
qSCPhiWidth5x5,Q3,0.9864415171958089
qSCPhiWidth5x5,Q4,0.9853620720259714
qSCPhiWidth5x5,Q5,0.7271743720888793
qCCEn,mean,0.8464341314226247
qCCEn,RMS,0.34223482620694434
qCCEn,Q1,0.4012769123447424
qCCEn,Q2,0.9359329317810234
qCCEn,Q3,0.9424039493373784
qCCEn,Q4,0.93580675576618
qCCEn,Q5,0.19395733072513563
qCCEta,mean,0.05110014943771468
qCCEta,RMS,0.6465337347649893
qCCEta,Q1,0.35065046994894267
qCCEta,Q2,0.2554001117264479
qCCEta,Q3,0.05631635946607623
qCCEta,Q4,0.3063038206925518
qCCEta,Q5,0.3202155329942628
qCCPhi,mean,0.024200811264591
qCCPhi,RMS,0.03928948121283978
qCCPhi,Q1,0.29214440854001555
qCCPhi,Q2,0.027212342917363772
qCCPhi,Q3,0.023328687313059784
qCCPhi,Q4,0.025108818730499475
qCCPhi,Q5,0.30615453763215583
qCCEn5x5,mean,0.9342624678982907
qCCEn5x5,RMS,0.5663160090494385
qCCEn5x5,Q1,0.2607495360216892
qCCEn5x5,Q2,0.9667507878592655
qCCEn5x5,Q3,0.9849790647477861
qCCEn5x5,Q4,0.9898137954503006
qCCEn5x5,Q5,0.198403144325629
qCCEta5x5,mean,0.07725804472086473
qCCEta5x5,RMS,0.8804490701402522
qCCEta5x5,Q1,0.3834255717286634
qCCEta5x5,Q2,0.8362719283349176
qCCEta5x5,Q3,0.24619286032475948
qCCEta5x5,Q4,0.8280324008185586
qCCEta5x5,Q5,0.4511410203983454
qCCPhi5x5,mean,0.05589619078508098
qCCPhi5x5,RMS,0.07936787704116123
qCCPhi5x5,Q1,0.49314314285427696
qCCPhi5x5,Q2,0.07198258829103797
qCCPhi5x5,Q3,0.052128094385996304
qCCPhi5x5,Q4,0.12176317599096255
qCCPhi5x5,Q5,0.49906505067242185
qPhoPt,mean,0.4443286549807061
qPhoPt,RMS,0.11387299993941936
qPhoPt,Q1,0.23337991497500613
qPhoPt,Q2,0.6492764120347402
qPhoPt,Q3,0.6756467562667062
qPhoPt,Q4,0.5567514367913048
qPhoPt,Q5,0.17511278533836544
qPhoEta,mean,0.14111610425640647
qPhoEta,RMS,0.879492077820126
qPhoEta,Q1,0.4024262154261377
qPhoEta,Q2,0.45894647437744146
qPhoEta,Q3,0.08576436403220342
qPhoEta,Q4,0.5996188327085871
qPhoEta,Q5,0.360822723248299
qPhoPhi,mean,0.04179603141307127
qPhoPhi,RMS,0.10460196672562923
qPhoPhi,Q1,0.2958594928180595
qPhoPhi,Q2,0.05388281864427837
qPhoPhi,Q3,0.06524510095006515
qPhoPhi,Q4,0.09326462895168439
qPhoPhi,Q5,0.2989743468054184
qPhoEn_,mean,0.31702533219061085
qPhoEn_,RMS,0.05976776225224129
qPhoEn_,Q1,0.2792787938252876
qPhoEn_,Q2,0.4371953529552812
qPhoEn_,Q3,0.6632957513114883
qPhoEn_,Q4,0.6083735960852708
qPhoEn_,Q5,0.19932331442973755
qPhoe1x5_,mean,0.1526209264587185
qPhoe1x5_,RMS,0.044619809955527
qPhoe1x5_,Q1,0.2758076412634193
qPhoe1x5_,Q2,0.3428055095376806
qPhoe1x5_,Q3,0.5352159206394046
qPhoe1x5_,Q4,0.4012425850771398
qPhoe1x5_,Q5,0.18839791175352882
qPhoe2x5_,mean,0.18037070136774488
qPhoe2x5_,RMS,0.05254693168631927
qPhoe2x5_,Q1,0.266983007733242
qPhoe2x5_,Q2,0.34711862351872946
qPhoe2x5_,Q3,0.5730146936214316
qPhoe2x5_,Q4,0.4701619581794777
qPhoe2x5_,Q5,0.19324266588315134
qPhoe3x3_,mean,0.16295351305641806
qPhoe3x3_,RMS,0.05400899027052301
qPhoe3x3_,Q1,0.26918723292022206
qPhoe3x3_,Q2,0.34030169002527727
qPhoe3x3_,Q3,0.5636502802975849
qPhoe3x3_,Q4,0.4460567720664034
qPhoe3x3_,Q5,0.19348318890060903
qPhoe5x5_,mean,0.2585098027374863
qPhoe5x5_,RMS,0.05222558648386457
qPhoe5x5_,Q1,0.2570873629572227
qPhoe5x5_,Q2,0.3654930929712833
qPhoe5x5_,Q3,0.603506915031109
qPhoe5x5_,Q4,0.5738226855110331
qPhoe5x5_,Q5,0.1975250127122244
qPhomaxenxtal_,mean,0.12946170701932927
qPhomaxenxtal_,RMS,0.03950858512204134
qPhomaxenxtal_,Q1,0.293277427661903
qPhomaxenxtal_,Q2,0.32872988071621595
qPhomaxenxtal_,Q3,0.499133591418388
qPhomaxenxtal_,Q4,0.34222163286188645
qPhomaxenxtal_,Q5,0.17907087188614676
qPhosigmaeta_,mean,0.9296763898237738
qPhosigmaeta_,RMS,0.9290021490067766
qPhosigmaeta_,Q1,0.22576600222159218
qPhosigmaeta_,Q2,0.6399590613969645
qPhosigmaeta_,Q3,0.7826667860641651
qPhosigmaeta_,Q4,0.894273934878881
qPhosigmaeta_,Q5,0.6205734156687485
qPhosigmaIeta_,mean,0.8651866727960841
qPhosigmaIeta_,RMS,0.837963147993093
qPhosigmaIeta_,Q1,0.23421802846005765
qPhosigmaIeta_,Q2,0.6288661902017738
qPhosigmaIeta_,Q3,0.767624502965627
qPhosigmaIeta_,Q4,0.8448694216474346
qPhosigmaIeta_,Q5,0.4048302731086516
qPhor1x5_,mean,0.5812007713541718
qPhor1x5_,RMS,0.2372475282471096
qPhor1x5_,Q1,0.4137173903091576
qPhor1x5_,Q2,0.48997022891419606
qPhor1x5_,Q3,0.4763126559088322
qPhor1x5_,Q4,0.42907382284036316
qPhor1x5_,Q5,0.30291244911945536
qPhor2x5_,mean,0.6851254579126138
qPhor2x5_,RMS,0.3862752116179727
qPhor2x5_,Q1,0.28598924439012735
qPhor2x5_,Q2,0.604923590213069
qPhor2x5_,Q3,0.6370240173881931
qPhor2x5_,Q4,0.5832341386338017
qPhor2x5_,Q5,0.05514630213415209
qPhor9_,mean,0.2661365580146066
qPhor9_,RMS,0.3995994122888469
qPhor9_,Q1,0.25548219051137455
qPhor9_,Q2,0.06873632771269068
qPhor9_,Q3,0.15457856750646976
qPhor9_,Q4,0.33206215656319515
qPhor9_,Q5,0.19188437799364205
qgedPhoPt,mean,0.8627412963728947
qgedPhoPt,RMS,0.380991040160021
qgedPhoPt,Q1,0.45737200044206505
qgedPhoPt,Q2,0.937184221784353
qgedPhoPt,Q3,0.8789843689229389
qgedPhoPt,Q4,0.9334804825086911
qgedPhoPt,Q5,0.1647039908109997
qgedPhoEta,mean,0.0378124902480124
qgedPhoEta,RMS,0.28123083706557556
qgedPhoEta,Q1,0.30545881504265515
qgedPhoEta,Q2,0.23040095759292992
qgedPhoEta,Q3,0.05796953179223905
qgedPhoEta,Q4,0.20112233442462013
qgedPhoEta,Q5,0.29632453703245315
qgedPhoPhi,mean,0.05963315122381406
qgedPhoPhi,RMS,0.032596961863634547
qgedPhoPhi,Q1,0.3327852728538497
qgedPhoPhi,Q2,0.03889831668271486
qgedPhoPhi,Q3,0.04585614523471502
qgedPhoPhi,Q4,0.07089918777421061
qgedPhoPhi,Q5,0.3427070815461186
qgedPhoEn_,mean,0.8418869364098865
qgedPhoEn_,RMS,0.4157868584226469
qgedPhoEn_,Q1,0.39918789457626985
qgedPhoEn_,Q2,0.9270537471586056
qgedPhoEn_,Q3,0.9404811332035206
qgedPhoEn_,Q4,0.9086012212636484
qgedPhoEn_,Q5,0.16438777896977588
qgedPhoe1x5_,mean,0.7695188903236803
qgedPhoe1x5_,RMS,0.2243408904807346
qgedPhoe1x5_,Q1,0.470423057807278
qgedPhoe1x5_,Q2,0.9371963589079773
qgedPhoe1x5_,Q3,0.9349944011183132
qgedPhoe1x5_,Q4,0.9053750670489448
qgedPhoe1x5_,Q5,0.18814619363897409
qgedPhoe2x5_,mean,0.7751124363785927
qgedPhoe2x5_,RMS,0.2586237445554331
qgedPhoe2x5_,Q1,0.4701923746796059
qgedPhoe2x5_,Q2,0.936049989240151
qgedPhoe2x5_,Q3,0.9322526816684727
qgedPhoe2x5_,Q4,0.9049300265964997
qgedPhoe2x5_,Q5,0.1920304146073716
qgedPhoe3x3_,mean,0.7734876578901666
qgedPhoe3x3_,RMS,0.2601444581228234
qgedPhoe3x3_,Q1,0.4702010041134457
qgedPhoe3x3_,Q2,0.9359371527097241
qgedPhoe3x3_,Q3,0.9321058251828039
qgedPhoe3x3_,Q4,0.9037456261963482
qgedPhoe3x3_,Q5,0.19281026765351433
qgedPhoe5x5_,mean,0.7700901734076719
qgedPhoe5x5_,RMS,0.2685472654523787
qgedPhoe5x5_,Q1,0.4701836236407438
qgedPhoe5x5_,Q2,0.9343419164583533
qgedPhoe5x5_,Q3,0.9300491203739297
qgedPhoe5x5_,Q4,0.9022130104840387
qgedPhoe5x5_,Q5,0.19483415142555022
qgedPhomaxenxtal_,mean,0.7609334058806396
qgedPhomaxenxtal_,RMS,0.1922706646923497
qgedPhomaxenxtal_,Q1,0.47070129106727066
qgedPhomaxenxtal_,Q2,0.932530065276361
qgedPhomaxenxtal_,Q3,0.9356247044830269
qgedPhomaxenxtal_,Q4,0.9059928573763384
qgedPhomaxenxtal_,Q5,0.17930994750594967
qgedPhosigmaeta_,mean,0.6523883640089451
qgedPhosigmaeta_,RMS,0.45027008367569743
qgedPhosigmaeta_,Q1,0.4560669613241798
qgedPhosigmaeta_,Q2,0.8778382702185062
qgedPhosigmaeta_,Q3,0.7048048080443643
qgedPhosigmaeta_,Q4,0.36774953385274367
qgedPhosigmaeta_,Q5,0.41918450133315843
qgedPhosigmaIeta_,mean,0.7615622515105838
qgedPhosigmaIeta_,RMS,0.42566636339711345
qgedPhosigmaIeta_,Q1,0.0
qgedPhosigmaIeta_,Q2,0.8824501944144407
qgedPhosigmaIeta_,Q3,0.6971996052713251
qgedPhosigmaIeta_,Q4,0.5063622331862779
qgedPhosigmaIeta_,Q5,0.41363141449867613
qgedPhor1x5_,mean,0.7032387909576676
qgedPhor1x5_,RMS,0.741833136341501
qgedPhor1x5_,Q1,0.392449468790734
qgedPhor1x5_,Q2,0.2884778693008787
qgedPhor1x5_,Q3,0.5209299560534385
qgedPhor1x5_,Q4,0.8415232921927027
qgedPhor1x5_,Q5,0.0
qgedPhor2x5_,mean,0.6236528358259732
qgedPhor2x5_,RMS,0.24159773438777402
qgedPhor2x5_,Q1,0.36993062204007177
qgedPhor2x5_,Q2,0.3734683852623027
qgedPhor2x5_,Q3,0.8415102147819864
qgedPhor2x5_,Q4,0.03407280889185863
qgedPhor2x5_,Q5,0.06379876618527243
qgedPhor9_,mean,0.8294112453330071
qgedPhor9_,RMS,0.6822836723634065
qgedPhor9_,Q1,0.24660522998897444
qgedPhor9_,Q2,0.7576474280861273
qgedPhor9_,Q3,0.7589037554766036
qgedPhor9_,Q4,0.15836642329631617
qgedPhor9_,Q5,0.04274870852216292
qMuPt,mean,0.11305774665250609
qMuPt,RMS,0.04183402827449639
qMuPt,Q1,0.28039803799376667
qMuPt,Q2,0.9872246273998142
qMuPt,Q3,0.9866445498362981
qMuPt,Q4,0.9931129758626727
qMuPt,Q5,0.05540384303848449
qMuEta,mean,0.15741512837636784
qMuEta,RMS,0.9873455991870305
qMuEta,Q1,0.25904055492162303
qMuEta,Q2,0.9221010379776535
qMuEta,Q3,0.31089899968927076
qMuEta,Q4,0.925017704123438
qMuEta,Q5,0.26246114997070724
qMuPhi,mean,0.055040431295808066
qMuPhi,RMS,0.038277109189025535
qMuPhi,Q1,0.4364436846514981
qMuPhi,Q2,0.04230225244050959
qMuPhi,Q3,0.10348050721310151
qMuPhi,Q4,0.033824358946090365
qMuPhi,Q5,0.4724414603947314
qMuEn_,mean,0.10462980851999594
qMuEn_,RMS,0.04837772960049742
qMuEn_,Q1,0.2533321504610975
qMuEn_,Q2,0.9874187813341058
qMuEn_,Q3,0.9911965232215784
qMuEn_,Q4,0.9914380156349382
qMuEn_,Q5,0.072147134539324
qMuCh_,mean,0.02844359555542931
qMuCh_,RMS,0.18577536266722375
qMuCh_,Q1,0.0
qMuCh_,Q2,0.0
qMuCh_,Q3,0.20565818133652497
qMuCh_,Q4,0.0
qMuCh_,Q5,0.0
qMuChi2_,mean,0.0
qMuChi2_,RMS,0.0
qMuChi2_,Q1,0.0
qMuChi2_,Q2,0.0
qMuChi2_,Q3,0.0
qMuChi2_,Q4,0.0
qMuChi2_,Q5,0.0
qMuCosmPt,mean,0.02140898584104769
qMuCosmPt,RMS,0.0214308631090243
qMuCosmPt,Q1,0.4159710425625989
qMuCosmPt,Q2,0.9253332098591768
qMuCosmPt,Q3,0.9457753494578601
qMuCosmPt,Q4,0.9010474220472151
qMuCosmPt,Q5,0.022234168360831835
qMuCosmEta,mean,0.03710334904086888
qMuCosmEta,RMS,0.8498756308237979
qMuCosmEta,Q1,0.41174815501661344
qMuCosmEta,Q2,0.4969602174854177
qMuCosmEta,Q3,0.025900782276515922
qMuCosmEta,Q4,0.5069230031373466
qMuCosmEta,Q5,0.4132641824597784
qMuCosmPhi,mean,0.5984884122902896
qMuCosmPhi,RMS,0.5077485893410291
qMuCosmPhi,Q1,0.2973260679897901
qMuCosmPhi,Q2,0.2747317960773389
qMuCosmPhi,Q3,0.3913420561639246
qMuCosmPhi,Q4,0.602614393220575
qMuCosmPhi,Q5,0.30907558897295223
qMuCosmEn_,mean,0.02114754354886977
qMuCosmEn_,RMS,0.01982577307199671
qMuCosmEn_,Q1,0.42716077504944716
qMuCosmEn_,Q2,0.9074388578687178
qMuCosmEn_,Q3,0.9350451632839104
qMuCosmEn_,Q4,0.8977531444072604
qMuCosmEn_,Q5,0.02006669452403656
qMuCosmCh_,mean,0.016632385794636717
qMuCosmCh_,RMS,0.23301654571419972
qMuCosmCh_,Q1,0.0
qMuCosmCh_,Q2,0.0
qMuCosmCh_,Q3,0.01931761592640432
qMuCosmCh_,Q4,0.0
qMuCosmCh_,Q5,0.0
qMuCosmChi2_,mean,0.0
qMuCosmChi2_,RMS,0.0
qMuCosmChi2_,Q1,0.0
qMuCosmChi2_,Q2,0.0
qMuCosmChi2_,Q3,0.0
qMuCosmChi2_,Q4,0.0
qMuCosmChi2_,Q5,0.0
qMuCosmLegPt,mean,0.03370694456249647
qMuCosmLegPt,RMS,0.04613066617781358
qMuCosmLegPt,Q1,0.4321317606949803
qMuCosmLegPt,Q2,0.8054930010405624
qMuCosmLegPt,Q3,0.753815736595512
qMuCosmLegPt,Q4,0.6189689151636996
qMuCosmLegPt,Q5,0.05483448469623545
qMuCosmLegEta,mean,0.03991887831339215
qMuCosmLegEta,RMS,0.7714974532424298
qMuCosmLegEta,Q1,0.4206582817945846
qMuCosmLegEta,Q2,0.405569181570224
qMuCosmLegEta,Q3,0.036777189224703084
qMuCosmLegEta,Q4,0.4090679147264427
qMuCosmLegEta,Q5,0.40704221945179897
qMuCosmLegPhi,mean,0.4035769812879953
qMuCosmLegPhi,RMS,0.36036351922199894
qMuCosmLegPhi,Q1,0.3812631224447314
qMuCosmLegPhi,Q2,0.0685199702786538
qMuCosmLegPhi,Q3,0.29886799755833454
qMuCosmLegPhi,Q4,0.4613853776872318
qMuCosmLegPhi,Q5,0.3778308280499824
qMuCosmLegEn_,mean,0.032585188688277866
qMuCosmLegEn_,RMS,0.04708326093379773
qMuCosmLegEn_,Q1,0.40590123061778
qMuCosmLegEn_,Q2,0.6604422398157329
qMuCosmLegEn_,Q3,0.6260985499947345
qMuCosmLegEn_,Q4,0.492443684295023
qMuCosmLegEn_,Q5,0.057745763815442885
qMuCosmLegCh_,mean,0.024833566368154644
qMuCosmLegCh_,RMS,0.27463821129094346
qMuCosmLegCh_,Q1,0.0
qMuCosmLegCh_,Q2,0.0
qMuCosmLegCh_,Q3,0.03847818279770538
qMuCosmLegCh_,Q4,0.0
qMuCosmLegCh_,Q5,0.0
qMuCosmLegChi2_,mean,0.0
qMuCosmLegChi2_,RMS,0.0
qMuCosmLegChi2_,Q1,0.0
qMuCosmLegChi2_,Q2,0.0
qMuCosmLegChi2_,Q3,0.0
qMuCosmLegChi2_,Q4,0.0
qMuCosmLegChi2_,Q5,0.0
qSigmaIEta,mean,0.5635769819726169
qSigmaIEta,RMS,0.6296171444817975
qSigmaIEta,Q1,0.0
qSigmaIEta,Q2,0.7945551854662676
qSigmaIEta,Q3,0.6516791943245168
qSigmaIEta,Q4,0.1099294402247507
qSigmaIEta,Q5,0.4281658661838946
qSigmaIPhi,mean,0.6491097426636115
qSigmaIPhi,RMS,0.5114715421594184
qSigmaIPhi,Q1,0.0
qSigmaIPhi,Q2,0.8055987897145398
qSigmaIPhi,Q3,0.5989074475335407
qSigmaIPhi,Q4,0.07871378516969353
qSigmaIPhi,Q5,0.34833778226594964
qr9,mean,0.7136963267002419
qr9,RMS,0.4050132993381988
qr9,Q1,0.2741189737041283
qr9,Q2,0.6053791095630907
qr9,Q3,0.6440816979312748
qr9,Q4,0.37163495518116096
qr9,Q5,0.22420610274820085
qHadOEm,mean,0.08000960340547197
qHadOEm,RMS,0.04947724543054182
qHadOEm,Q1,0.0
qHadOEm,Q2,0.0
qHadOEm,Q3,0.31042128437367944
qHadOEm,Q4,0.264358906744347
qHadOEm,Q5,0.1316818940959739
qdrSumPt,mean,0.057619686052159315
qdrSumPt,RMS,0.020721310284799975
qdrSumPt,Q1,0.0
qdrSumPt,Q2,0.3015491441368336
qdrSumPt,Q3,0.9394798627524893
qdrSumPt,Q4,0.946614864029208
qdrSumPt,Q5,0.019701287296718783
qdrSumEt,mean,0.6641942611683709
qdrSumEt,RMS,0.2589302600422266
qdrSumEt,Q1,0.04156018625642988
qdrSumEt,Q2,0.7425936352527068
qdrSumEt,Q3,0.48203646876711925
qdrSumEt,Q4,0.8109008633979562
qdrSumEt,Q5,0.19160557411003404
qeSCOP,mean,0.43251585672988585
qeSCOP,RMS,0.03921057173817963
qeSCOP,Q1,0.5464265560915972
qeSCOP,Q2,0.845211851405324
qeSCOP,Q3,0.589637077487845
qeSCOP,Q4,0.5290171945899078
qeSCOP,Q5,0.14198661311665284
qecEn,mean,0.7979002880494183
qecEn,RMS,0.28810490809856687
qecEn,Q1,0.4931452612183427
qecEn,Q2,0.8736495505905821
qecEn,Q3,0.8238309537429431
qecEn,Q4,0.8197125840934362
qecEn,Q5,0.15850259680443146
qUNSigmaIEta,mean,0.4325799541097112
qUNSigmaIEta,RMS,0.4833424170539735
qUNSigmaIEta,Q1,0.30762622827138847
qUNSigmaIEta,Q2,0.48532292062914184
qUNSigmaIEta,Q3,0.3117597905308738
qUNSigmaIEta,Q4,0.08927371831135114
qUNSigmaIEta,Q5,0.49830719683342767
qUNSigmaIPhi,mean,0.5964283527574591
qUNSigmaIPhi,RMS,0.2956892743654219
qUNSigmaIPhi,Q1,0.2435697462948965
qUNSigmaIPhi,Q2,0.5319843593012219
qUNSigmaIPhi,Q3,0.43486676646176115
qUNSigmaIPhi,Q4,0.4257886120161895
qUNSigmaIPhi,Q5,0.37262417916182355
qUNr9,mean,0.43876303340284317
qUNr9,RMS,0.30045138672430344
qUNr9,Q1,0.33100813650139643
qUNr9,Q2,0.4160510656068588
qUNr9,Q3,0.38374096027938304
qUNr9,Q4,0.4033007801607026
qUNr9,Q5,0.2609811386960284
qUNHadOEm,mean,0.2617814758106506
qUNHadOEm,RMS,0.06389558969378374
qUNHadOEm,Q1,0.0
qUNHadOEm,Q2,0.0
qUNHadOEm,Q3,0.06611967497502064
qUNHadOEm,Q4,0.3595886958589314
qUNHadOEm,Q5,0.4376735263356356
qUNdrSumPt,mean,0.2983459674249182
qUNdrSumPt,RMS,0.04675061842426329
qUNdrSumPt,Q1,0.028914240344928736
qUNdrSumPt,Q2,0.21880447126874578
qUNdrSumPt,Q3,0.48646604383155717
qUNdrSumPt,Q4,0.6288422521734908
qUNdrSumPt,Q5,0.06066308927257548
qUNdrSumEt,mean,0.27974709834380906
qUNdrSumEt,RMS,0.15466558654296855
qUNdrSumEt,Q1,0.15865554839331789
qUNdrSumEt,Q2,0.5864123319487038
qUNdrSumEt,Q3,0.2973221579797305
qUNdrSumEt,Q4,0.3377715496849325
qUNdrSumEt,Q5,0.22586490970271939
qUNeSCOP,mean,0.027489808665147383
qUNeSCOP,RMS,0.04114486386976781
qUNeSCOP,Q1,0.6859369782181539
qUNeSCOP,Q2,0.21689155636738428
qUNeSCOP,Q3,0.18813622657983728
qUNeSCOP,Q4,0.261166673694676
qUNeSCOP,Q5,0.08680747933092896
qUNecEn,mean,0.19328959130234483
qUNecEn,RMS,0.052341316418894154
qUNecEn,Q1,0.5165313489749533
qUNecEn,Q2,0.20876270046341547
qUNecEn,Q3,0.24156612972202382
qUNecEn,Q4,0.33531105993002697
qUNecEn,Q5,0.22780906673685308
qEBenergy,mean,0.33026383481185334
qEBenergy,RMS,0.14808722425870913
qEBenergy,Q1,0.0
qEBenergy,Q2,0.0
qEBenergy,Q3,0.9727495909006683
qEBenergy,Q4,0.9818590082051589
qEBenergy,Q5,0.3541601249113911
qEBtime,mean,0.9333534393828053
qEBtime,RMS,0.9863706684836467
qEBtime,Q1,0.30123287966917406
qEBtime,Q2,0.9682634987822463
qEBtime,Q3,0.32047792812426934
qEBtime,Q4,0.9855930355673955
qEBtime,Q5,0.5246282900893593
qEBchi2,mean,0.7089212851089566
qEBchi2,RMS,0.9521475602986741
qEBchi2,Q1,0.0
qEBchi2,Q2,0.786637049062988
qEBchi2,Q3,0.7913282409727648
qEBchi2,Q4,0.3485229353739717
qEBchi2,Q5,0.0
qEBiEta,mean,0.06240682137670874
qEBiEta,RMS,0.5803976881642157
qEBiEta,Q1,0.0
qEBiEta,Q2,0.2126386278057857
qEBiEta,Q3,0.035955085686541655
qEBiEta,Q4,0.311950843316182
qEBiEta,Q5,0.0
qEBiPhi,mean,0.026068198745178652
qEBiPhi,RMS,0.06597929585999944
qEBiPhi,Q1,0.0
qEBiPhi,Q2,0.05644966658214808
qEBiPhi,Q3,0.025786408413295846
qEBiPhi,Q4,0.021277212650931913
qEBiPhi,Q5,0.0
qEEenergy,mean,0.6267447639887572
qEEenergy,RMS,0.5355524022520344
qEEenergy,Q1,0.1574722108209229
qEEenergy,Q2,0.9608438759642118
qEEenergy,Q3,0.9346973704749474
qEEenergy,Q4,0.889038139066781
qEEenergy,Q5,0.17810584963324608
qEEtime,mean,0.9883584245786359
qEEtime,RMS,0.9889095051285548
qEEtime,Q1,0.18986194676716286
qEEtime,Q2,0.7456488345544364
qEEtime,Q3,0.9821590823929218
qEEtime,Q4,0.9918765277276574
qEEtime,Q5,0.6004420545464221
qEEchi2,mean,0.9688728191913482
qEEchi2,RMS,0.9835654567239814
qEEchi2,Q1,0.0
qEEchi2,Q2,0.9183710855320919
qEEchi2,Q3,0.9369802522886871
qEEchi2,Q4,0.9333995788419249
qEEchi2,Q5,0.0
qEEix,mean,0.09621487692468382
qEEix,RMS,0.9391943106805496
qEEix,Q1,0.0
qEEix,Q2,0.721322351844894
qEEix,Q3,0.09665814667916982
qEEix,Q4,0.7346367365896821
qEEix,Q5,0.0
qEEiy,mean,0.054922635973812924
qEEiy,RMS,0.941272848686106
qEEiy,Q1,0.0
qEEiy,Q2,0.7620406462776947
qEEiy,Q3,0.13366555601167981
qEEiy,Q4,0.6749708581820332
qEEiy,Q5,0.0
qESenergy,mean,0.8695956192513862
qESenergy,RMS,0.15715882849104834
qESenergy,Q1,0.2742048069771411
qESenergy,Q2,0.5679673285289291
qESenergy,Q3,0.8576650094785699
qESenergy,Q4,0.9341596277983367
qESenergy,Q5,0.5284768215697291
qEStime,mean,0.9479026928063803
qEStime,RMS,0.9478581964438002
qEStime,Q1,0.104329355285116
qEStime,Q2,0.18665819139357917
qEStime,Q3,0.941170469716567
qEStime,Q4,0.9424917910066573
qEStime,Q5,0.5449611186101122
qESix,mean,0.02082944891453029
qESix,RMS,0.8431747409639504
qESix,Q1,0.07391124893879891
qESix,Q2,0.42890358797561845
qESix,Q3,0.03112706327014408
qESix,Q4,0.3219741836324646
qESix,Q5,0.02818071982122564
qESiy,mean,0.04924396788303937
qESiy,RMS,0.8571672382251874
qESiy,Q1,0.06241191037249671
qESiy,Q2,0.4954429491108625
qESiy,Q3,0.0681393799150976
qESiy,Q4,0.4692141679971785
qESiy,Q5,0.11746407703059566
qHBHEenergy,mean,0.973354922322106
qHBHEenergy,RMS,0.8163374908426438
qHBHEenergy,Q1,0.0
qHBHEenergy,Q2,0.9571288785175912
qHBHEenergy,Q3,0.9850024999255232
qHBHEenergy,Q4,0.9807292677721983
qHBHEenergy,Q5,0.1435403429596029
qHBHEtime,mean,0.9439039110307763
qHBHEtime,RMS,0.9756878062268601
qHBHEtime,Q1,0.0
qHBHEtime,Q2,0.9659132284241582
qHBHEtime,Q3,0.0
qHBHEtime,Q4,0.9804058918541171
qHBHEtime,Q5,0.0
qHBHEauxe,mean,0.9699451141101721
qHBHEauxe,RMS,0.7915731755892279
qHBHEauxe,Q1,0.0
qHBHEauxe,Q2,0.0
qHBHEauxe,Q3,0.0
qHBHEauxe,Q4,0.9812594508246906
qHBHEauxe,Q5,0.1364176225405141
qHBHEieta,mean,0.6442215376102214
qHBHEieta,RMS,0.7554638483791714
qHBHEieta,Q1,0.08317424919352585
qHBHEieta,Q2,0.2482334493884987
qHBHEieta,Q3,0.15318706126295492
qHBHEieta,Q4,0.4428774821457325
qHBHEieta,Q5,0.024765592119874936
qHBHEiphi,mean,0.8221509371659532
qHBHEiphi,RMS,0.16572574567901086
qHBHEiphi,Q1,0.0
qHBHEiphi,Q2,0.6952532177099405
qHBHEiphi,Q3,0.5384997288297958
qHBHEiphi,Q4,0.034077877673905264
qHBHEiphi,Q5,0.0
qHFenergy,mean,0.9946406797323755
qHFenergy,RMS,0.9784424401700168
qHFenergy,Q1,0.22677447442399418
qHFenergy,Q2,0.9946157491518631
qHFenergy,Q3,0.9936653667706598
qHFenergy,Q4,0.9939003849583725
qHFenergy,Q5,0.4618184273435612
qHFtime,mean,0.2759699889791138
qHFtime,RMS,0.3729499916938236
qHFtime,Q1,0.5663662057953651
qHFtime,Q2,0.9727428736253979
qHFtime,Q3,0.18686673139234544
qHFtime,Q4,0.8656501748666204
qHFtime,Q5,5.2392547592141366e-06
qHFieta,mean,0.6826735584243754
qHFieta,RMS,0.9965672082227716
qHFieta,Q1,0.0
qHFieta,Q2,0.9673015479086412
qHFieta,Q3,0.5479612214689765
qHFieta,Q4,0.970599935229718
qHFieta,Q5,0.0
qHFiphi,mean,0.9445871847639037
qHFiphi,RMS,0.9138587803754145
qHFiphi,Q1,0.0
qHFiphi,Q2,0.43966189113884935
qHFiphi,Q3,0.17031500408540673
qHFiphi,Q4,0.8017535475726097
qHFiphi,Q5,0.0
qPreShEn,mean,0.9238036314166812
qPreShEn,RMS,0.6929483535901749
qPreShEn,Q1,0.0
qPreShEn,Q2,0.9852583292583759
qPreShEn,Q3,0.9877053591701329
qPreShEn,Q4,0.9786351551316991
qPreShEn,Q5,0.2236624322259119
qPreShEta,mean,0.07035413400576108
qPreShEta,RMS,0.9851807360160457
qPreShEta,Q1,0.4152173306896465
qPreShEta,Q2,0.9675859234923849
qPreShEta,Q3,0.0
qPreShEta,Q4,0.9660907941991117
qPreShEta,Q5,0.4223056317570343
qPreShPhi,mean,0.07502860395474331
qPreShPhi,RMS,0.6753497888833675
qPreShPhi,Q1,0.46469290062866686
qPreShPhi,Q2,0.4861417882590742
qPreShPhi,Q3,0.0
qPreShPhi,Q4,0.5158484642682016
qPreShPhi,Q5,0.480071589421226
qPreShYEn,mean,0.6705485133999648
qPreShYEn,RMS,0.8148444974959279
qPreShYEn,Q1,0.0
qPreShYEn,Q2,0.9804937394342714
qPreShYEn,Q3,0.9783928554855618
qPreShYEn,Q4,0.9462071284827421
qPreShYEn,Q5,0.2014749330931016
qPreShYEta,mean,0.07477415651895482
qPreShYEta,RMS,0.9851521012780221
qPreShYEta,Q1,0.5002757270101857
qPreShYEta,Q2,0.9686531715165679
qPreShYEta,Q3,0.0
qPreShYEta,Q4,0.9670685175103977
qPreShYEta,Q5,0.44799281841277727
qPreShYPhi,mean,0.09140379987545943
qPreShYPhi,RMS,0.7470361072977934
qPreShYPhi,Q1,0.47010508054352507
qPreShYPhi,Q2,0.5043930970756942
qPreShYPhi,Q3,0.0
qPreShYPhi,Q4,0.5567848365909137
qPreShYPhi,Q5,0.4504855167274453
inst_luminosity,mean,0.9720413183023474
inst_luminosity,RMS,0.9963427035419898
